<Defs>
    <WorkGiverDef>
        <defName>FellTrees</defName>
        <label>fell trees</label>
        <giverClass>SurvivalTools.WorkGiver_FellTrees</giverClass>
        <workType>PlantCutting</workType>
        <priorityInType>50</priorityInType>
        <verb>fell</verb>
        <gerund>felling</gerund>
        <requiredCapacities>
            <li>Manipulation</li>
        </requiredCapacities>
        <modExtensions>
            <li Class="SurvivalTools.WorkGiverExtension">
                <requiredStats>
                    <li>TreeFellingSpeed</li>
                </requiredStats>
            </li>
        </modExtensions>
    </WorkGiverDef>
</Defs>