<Patch>
    <!-- Plant Work Speed -->
    <Operation Class="PatchOperationReplace">
        <xpath>Defs/StatDef[defName="PlantWorkSpeed"]/label</xpath>
        <value>
            <label>plant sowing speed</label>
        </value>
    </Operation>
    <Operation Class="PatchOperationReplace">
        <xpath>Defs/StatDef[defName="PlantWorkSpeed"]/description</xpath>
        <value>
            <description>The speed at which this person sows plants.</description>
        </value>
    </Operation>
    <!-- Construction Speed -->
    <Operation Class="PatchOperationReplace">
        <xpath>Defs/StatDef[defName="ConstructionSpeed"]/minValue</xpath>
        <value>
            <minValue>0</minValue>
        </value>
    </Operation>
    <!-- Ensure <parts/> exists -->
    <Operation Class="PatchOperationSequence">
        <success>Always</success>
        <operations>
            <li Class="PatchOperationTest">
                <xpath>Defs/StatDef[defName="ConstructionSpeed"]/parts</xpath>
                <success>Invert</success>
            </li>
            <li Class="PatchOperationAdd">
                <xpath>Defs/StatDef[defName="ConstructionSpeed"]</xpath>
                <value>
                    <parts />
                </value>
            </li>
        </operations>
    </Operation>
    <!-- Add StatPart_SurvivalTools only if it isn't already present -->
    <Operation Class="PatchOperationConditional">
        <xpath>Defs/StatDef[defName="ConstructionSpeed"]/parts/li[@Class="SurvivalTools.Stats.StatPart_SurvivalTools"]</xpath>
        <nomatch Class="PatchOperationAdd">
            <xpath>Defs/StatDef[defName="ConstructionSpeed"]/parts</xpath>
            <value>
                <li Class="SurvivalTools.Stats.StatPart_SurvivalTools" />
            </value>
        </nomatch>
    </Operation>
    <!-- Mining Speed -->
    <Operation Class="PatchOperationReplace">
        <xpath>Defs/StatDef[defName="MiningSpeed"]/description</xpath>
        <value>
            <description>The speed at which this person drills for deep resources or performs mining tasks other than digging at walls.</description>
        </value>
    </Operation>
    <!-- Mining Yield -->
    <Operation Class="PatchOperationReplace">
        <xpath>Defs/StatDef[defName="MiningYield"]/label</xpath>
        <value>
            <label>mining yield (other)</label>
        </value>
    </Operation>
    <Operation Class="PatchOperationReplace">
        <xpath>Defs/StatDef[defName="MiningYield"]/description</xpath>
        <value>
            <description>The percentage of mined resources a miner will produce. This applies to deep drill mining. This doesn't affect the production rate of rock chunks.</description>
        </value>
    </Operation>
</Patch>