﻿<Defs>

    <!-- Tool Carrying Capacity -->
    <StatDef>
        <defName>SurvivalToolCarryCapacity</defName>
        <label>tool carrying capacity</label>
        <description>Determines the maximum number of tools this colonist can effectively carry and manage in their personal inventory. Higher capacity allows for greater versatility and preparedness, enabling colonists to handle multiple types of work without constantly returning to storage. Tool belts and similar equipment can increase this limit beyond the base value.</description>
        <category>PawnWork</category>
        <displayPriorityInCategory>100</displayPriorityInCategory>
        <defaultBaseValue>2</defaultBaseValue>
        <minValue>0</minValue>
        <showOnAnimals>false</showOnAnimals>
        <showOnMechanoids>false</showOnMechanoids>
    </StatDef>

    <!-- Mining-related -->
    <StatDef>
        <defName>DiggingSpeed</defName>
        <label>digging speed</label>
        <description>Measures how quickly this colonist can excavate walls, break through rock formations, and extract materials from solid stone. Critical for mining operations, tunnel construction, and accessing buried resources. Without proper tools (pickaxes), this task becomes extremely difficult or impossible in hardcore modes.</description>
        <category>PawnWork</category>
        <defaultBaseValue>1</defaultBaseValue>
        <minValue>0</minValue>
        <toStringStyle>PercentZero</toStringStyle>
        <statFactors>
            <li>WorkSpeedGlobal</li>
        </statFactors>
        <skillNeedFactors>
            <li Class="SkillNeed_BaseBonus">
                <skill>Mining</skill>
                <baseValue>0.04</baseValue>
                <bonusPerLevel>0.12</bonusPerLevel>
            </li>
        </skillNeedFactors>
        <capacityFactors>
            <li>
                <capacity>Manipulation</capacity>
                <weight>1</weight>
            </li>
            <li>
                <capacity>Sight</capacity>
                <weight>0.5</weight>
                <max>1</max>
            </li>
        </capacityFactors>
        <scenarioRandomizable>true</scenarioRandomizable>
        <parts>
            <li Class="SurvivalTools.StatPart_SurvivalTool">
                <noToolStatFactorHardcore>0</noToolStatFactorHardcore>
            </li>
        </parts>
        <postProcessCurve>
            <points>
                <li>(0, 0)</li>
                <li>(0.00001, 0.10)</li>
                <li>(0.04, 0.10)</li>
                <li>(0.10, 0.10)</li>
                <li>(99999, 99999)</li>
            </points>
        </postProcessCurve>
    </StatDef>

    <StatDef>
        <defName>MiningYieldDigging</defName>
        <label>mining yield (digging)</label>
        <description>Determines what percentage of available mineral resources this colonist successfully extracts when mining walls and rock formations. Higher yields mean less waste and more efficient resource gathering. Quality mining tools significantly improve extraction efficiency. This stat only affects wall mining operations and doesn't influence rock chunk production from other sources.</description>
        <category>PawnWork</category>
        <defaultBaseValue>1</defaultBaseValue>
        <minValue>0</minValue>
        <maxValue>1</maxValue>
        <toStringStyle>PercentZero</toStringStyle>
        <skillNeedFactors>
            <li Class="SkillNeed_Direct">
                <skill>Mining</skill>
                <valuesPerLevel>
                    <li>0.6</li>
                    <li>0.7</li>
                    <li>0.8</li>
                    <li>0.85</li>
                    <li>0.9</li>
                    <li>0.925</li>
                    <li>0.95</li>
                    <li>0.975</li>
                    <li>1</li>
                    <li>1.01</li>
                    <li>1.02</li>
                    <li>1.03</li>
                    <li>1.04</li>
                    <li>1.05</li>
                    <li>1.06</li>
                    <li>1.07</li>
                    <li>1.08</li>
                    <li>1.09</li>
                    <li>1.10</li>
                    <li>1.12</li>
                    <li>1.13</li>
                </valuesPerLevel>
            </li>
        </skillNeedFactors>
        <capacityFactors>
            <li>
                <capacity>Manipulation</capacity>
                <weight>0.3</weight>
                <max>1</max>
            </li>
            <li>
                <capacity>Sight</capacity>
                <weight>0.2</weight>
                <max>1</max>
            </li>
        </capacityFactors>
        <parts>
            <li Class="SurvivalTools.StatPart_SurvivalTool">
                <noToolStatFactor>0.5</noToolStatFactor>
                <noToolStatFactorHardcore>0</noToolStatFactorHardcore>
            </li>
        </parts>
    </StatDef>

    <!-- Plant-related -->
    <StatDef>
        <defName>PlantHarvestingSpeed</defName>
        <label>plant harvesting speed</label>
        <description>Determines how efficiently this colonist can gather crops, berries, and other harvestable plant materials. Proper harvesting tools like sickles dramatically improve both speed and yield, ensuring maximum food production from available plants. Essential for maintaining sustainable food supplies and managing large agricultural operations.</description>
        <category>PawnWork</category>
        <defaultBaseValue>1</defaultBaseValue>
        <minValue>0</minValue>
        <toStringStyle>PercentZero</toStringStyle>
        <neverDisabled>true</neverDisabled>
        <statFactors>
            <li>WorkSpeedGlobal</li>
        </statFactors>
        <skillNeedFactors>
            <li Class="SkillNeed_BaseBonus">
                <skill>Plants</skill>
                <baseValue>0.08</baseValue>
                <bonusPerLevel>0.115</bonusPerLevel>
            </li>
        </skillNeedFactors>
        <capacityFactors>
            <li>
                <capacity>Manipulation</capacity>
                <weight>1</weight>
            </li>
            <li>
                <capacity>Sight</capacity>
                <weight>0.3</weight>
                <max>1</max>
            </li>
        </capacityFactors>
        <parts>
            <li Class="SurvivalTools.StatPart_SurvivalTool">
                <noToolStatFactor>0.5</noToolStatFactor>
            </li>
        </parts>
    </StatDef>

    <StatDef>
        <defName>SowingSpeed</defName>
        <label>sowing speed</label>
        <description>Measures the efficiency with which this colonist can plant seeds and establish new crops. Specialized planting tools like hoes ensure proper soil preparation and optimal seed placement, leading to better germination rates and crop establishment. Critical for expanding agricultural operations and food security.</description>
        <category>PawnWork</category>
        <defaultBaseValue>1</defaultBaseValue>
        <minValue>0</minValue>
        <toStringStyle>PercentZero</toStringStyle>
        <neverDisabled>true</neverDisabled>
        <statFactors>
            <li>WorkSpeedGlobal</li>
        </statFactors>
        <skillNeedFactors>
            <li Class="SkillNeed_BaseBonus">
                <skill>Plants</skill>
                <baseValue>0.08</baseValue>
                <bonusPerLevel>0.115</bonusPerLevel>
            </li>
        </skillNeedFactors>
        <capacityFactors>
            <li>
                <capacity>Manipulation</capacity>
                <weight>1</weight>
            </li>
            <li>
                <capacity>Sight</capacity>
                <weight>0.3</weight>
                <max>1</max>
            </li>
        </capacityFactors>
        <parts>
            <li Class="SurvivalTools.StatPart_SurvivalTool">
                <noToolStatFactor>0.7</noToolStatFactor>
                <noToolStatFactorHardcore>0</noToolStatFactorHardcore>
            </li>
        </parts>
    </StatDef>

    <StatDef>
        <defName>TreeFellingSpeed</defName>
        <label>tree felling speed</label>
        <description>Determines how quickly this colonist can cut down trees and process large woody vegetation. Axes and similar cutting tools are absolutely essential for efficient forestry operations. Without proper tools, tree felling becomes extremely slow or impossible in hardcore modes, making this stat critical for wood production and land clearing.</description>
        <category>PawnWork</category>
        <defaultBaseValue>1</defaultBaseValue>
        <minValue>0</minValue>
        <toStringStyle>PercentZero</toStringStyle>
        <neverDisabled>true</neverDisabled>
        <statFactors>
            <li>WorkSpeedGlobal</li>
        </statFactors>
        <skillNeedFactors>
            <li Class="SkillNeed_BaseBonus">
                <skill>Plants</skill>
                <baseValue>0.08</baseValue>
                <bonusPerLevel>0.115</bonusPerLevel>
            </li>
        </skillNeedFactors>
        <capacityFactors>
            <li>
                <capacity>Manipulation</capacity>
                <weight>1</weight>
            </li>
            <li>
                <capacity>Sight</capacity>
                <weight>0.3</weight>
                <max>1</max>
            </li>
        </capacityFactors>
        <parts>
            <li Class="SurvivalTools.StatPart_SurvivalTool">
                <noToolStatFactorHardcore>0</noToolStatFactorHardcore>
            </li>
        </parts>
    </StatDef>

    <!-- Maintenance and repair-related -->
    <StatDef>
        <defName>MaintenanceSpeed</defName>
        <label>maintenance speed</label>
        <description>Measures how efficiently this colonist can repair, maintain, and service buildings, equipment, and mechanical devices. Proper maintenance tools like wrenches and repair kits are essential for keeping colony infrastructure in optimal condition. Regular maintenance prevents costly breakdowns and extends equipment lifespan significantly.</description>
        <category>PawnWork</category>
        <defaultBaseValue>1</defaultBaseValue>
        <minValue>0</minValue>
        <toStringStyle>PercentZero</toStringStyle>
        <statFactors>
            <li>WorkSpeedGlobal</li>
        </statFactors>
        <skillNeedFactors>
            <li Class="SkillNeed_BaseBonus">
                <skill>Construction</skill>
                <baseValue>0.08</baseValue>
                <bonusPerLevel>0.115</bonusPerLevel>
            </li>
        </skillNeedFactors>
        <capacityFactors>
            <li>
                <capacity>Manipulation</capacity>
                <weight>1</weight>
            </li>
            <li>
                <capacity>Sight</capacity>
                <weight>0.5</weight>
                <max>1</max>
            </li>
        </capacityFactors>
        <parts>
            <li Class="SurvivalTools.StatPart_SurvivalTool">
                <noToolStatFactor>0.5</noToolStatFactor>
                <noToolStatFactorHardcore>0</noToolStatFactorHardcore>
            </li>
        </parts>
    </StatDef>

    <StatDef>
        <defName>DeconstructionSpeed</defName>
        <label>deconstruction speed</label>
        <description>Determines how rapidly this colonist can safely dismantle structures, equipment, and buildings to recover valuable materials. Proper deconstruction tools ensure maximum material recovery while minimizing waste and preventing accidental damage. Essential for resource management and colony reorganization efforts.</description>
        <category>PawnWork</category>
        <defaultBaseValue>1</defaultBaseValue>
        <minValue>0</minValue>
        <toStringStyle>PercentZero</toStringStyle>
        <statFactors>
            <li>WorkSpeedGlobal</li>
        </statFactors>
        <skillNeedFactors>
            <li Class="SkillNeed_BaseBonus">
                <skill>Construction</skill>
                <baseValue>0.08</baseValue>
                <bonusPerLevel>0.115</bonusPerLevel>
            </li>
        </skillNeedFactors>
        <capacityFactors>
            <li>
                <capacity>Manipulation</capacity>
                <weight>1</weight>
            </li>
            <li>
                <capacity>Sight</capacity>
                <weight>0.3</weight>
                <max>1</max>
            </li>
        </capacityFactors>
        <parts>
            <li Class="SurvivalTools.StatPart_SurvivalTool">
                <noToolStatFactor>0.7</noToolStatFactor>
                <noToolStatFactorHardcore>0</noToolStatFactorHardcore>
            </li>
        </parts>
    </StatDef>

    <!-- Research-related -->
    <StatDef>
        <defName>ResearchSpeed</defName>
        <label>research speed</label>
        <description>The speed at which this person conducts research and experiments.</description>
        <category>PawnWork</category>
        <defaultBaseValue>1</defaultBaseValue>
        <minValue>0</minValue>
        <toStringStyle>PercentZero</toStringStyle>
        <statFactors>
            <li>WorkSpeedGlobal</li>
        </statFactors>
        <skillNeedFactors>
            <li Class="SkillNeed_BaseBonus">
                <skill>Intellectual</skill>
                <baseValue>0.08</baseValue>
                <bonusPerLevel>0.115</bonusPerLevel>
            </li>
        </skillNeedFactors>
        <capacityFactors>
            <li>
                <capacity>Manipulation</capacity>
                <weight>0.8</weight>
            </li>
            <li>
                <capacity>Sight</capacity>
                <weight>1</weight>
                <max>1</max>
            </li>
            <li>
                <capacity>Consciousness</capacity>
                <weight>1</weight>
                <max>1</max>
            </li>
        </capacityFactors>
        <parts>
            <li Class="SurvivalTools.StatPart_SurvivalTool">
                <noToolStatFactor>0.7</noToolStatFactor>
                <noToolStatFactorHardcore>0</noToolStatFactorHardcore>
            </li>
        </parts>
    </StatDef>

    <!-- Cleaning-related -->
    <StatDef>
        <defName>CleaningSpeed</defName>
        <label>cleaning speed</label>
        <description>The speed at which this person cleans filth and debris. Anyone can clean, but it's much faster with proper tools.</description>
        <category>PawnWork</category>
        <defaultBaseValue>1</defaultBaseValue>
        <minValue>0</minValue>
        <toStringStyle>PercentZero</toStringStyle>
        <statFactors>
            <li>WorkSpeedGlobal</li>
        </statFactors>
        <capacityFactors>
            <li>
                <capacity>Manipulation</capacity>
                <weight>1</weight>
            </li>
            <li>
                <capacity>Moving</capacity>
                <weight>0.5</weight>
                <max>1</max>
            </li>
        </capacityFactors>
        <parts>
            <li Class="SurvivalTools.StatPart_SurvivalTool">
                <noToolStatFactor>0.5</noToolStatFactor>
                <noToolStatFactorHardcore>0.5</noToolStatFactorHardcore>
            </li>
        </parts>
    </StatDef>

    <!-- Medical-related -->
    <StatDef>
        <defName>MedicalOperationSpeed</defName>
        <label>medical operation speed</label>
        <description>The speed at which this person performs medical operations and surgery.</description>
        <category>PawnWork</category>
        <defaultBaseValue>1</defaultBaseValue>
        <minValue>0</minValue>
        <toStringStyle>PercentZero</toStringStyle>
        <statFactors>
            <li>WorkSpeedGlobal</li>
        </statFactors>
        <skillNeedFactors>
            <li Class="SkillNeed_BaseBonus">
                <skill>Medicine</skill>
                <baseValue>0.08</baseValue>
                <bonusPerLevel>0.115</bonusPerLevel>
            </li>
        </skillNeedFactors>
        <capacityFactors>
            <li>
                <capacity>Manipulation</capacity>
                <weight>1</weight>
            </li>
            <li>
                <capacity>Sight</capacity>
                <weight>0.8</weight>
                <max>1</max>
            </li>
            <li>
                <capacity>Consciousness</capacity>
                <weight>0.5</weight>
                <max>1</max>
            </li>
        </capacityFactors>
        <parts>
            <li Class="SurvivalTools.StatPart_SurvivalTool">
                <noToolStatFactor>0.7</noToolStatFactor>
                <noToolStatFactorHardcore>0</noToolStatFactorHardcore>
            </li>
        </parts>
    </StatDef>

    <StatDef>
        <defName>MedicalSurgerySuccessChance</defName>
        <label>medical surgery success chance</label>
        <description>The likelihood that this person's medical operations will succeed without complications.</description>
        <category>PawnWork</category>
        <defaultBaseValue>1</defaultBaseValue>
        <minValue>0</minValue>
        <maxValue>2</maxValue>
        <toStringStyle>PercentZero</toStringStyle>
        <skillNeedFactors>
            <li Class="SkillNeed_BaseBonus">
                <skill>Medicine</skill>
                <baseValue>0.5</baseValue>
                <bonusPerLevel>0.075</bonusPerLevel>
            </li>
        </skillNeedFactors>
        <capacityFactors>
            <li>
                <capacity>Manipulation</capacity>
                <weight>1</weight>
            </li>
            <li>
                <capacity>Sight</capacity>
                <weight>0.8</weight>
                <max>1</max>
            </li>
            <li>
                <capacity>Consciousness</capacity>
                <weight>0.8</weight>
                <max>1</max>
            </li>
        </capacityFactors>
        <parts>
            <li Class="SurvivalTools.StatPart_SurvivalTool">
                <noToolStatFactor>0.8</noToolStatFactor>
                <noToolStatFactorHardcore>0</noToolStatFactorHardcore>
            </li>
        </parts>
    </StatDef>

    <!-- Butchery-related -->
    <StatDef>
        <defName>ButcheryFleshSpeed</defName>
        <label>butchery speed</label>
        <description>The speed at which this person butchers animals and processes meat.</description>
        <category>PawnWork</category>
        <defaultBaseValue>1</defaultBaseValue>
        <minValue>0</minValue>
        <toStringStyle>PercentZero</toStringStyle>
        <statFactors>
            <li>WorkSpeedGlobal</li>
        </statFactors>
        <skillNeedFactors>
            <li Class="SkillNeed_BaseBonus">
                <skill>Cooking</skill>
                <baseValue>0.08</baseValue>
                <bonusPerLevel>0.115</bonusPerLevel>
            </li>
        </skillNeedFactors>
        <capacityFactors>
            <li>
                <capacity>Manipulation</capacity>
                <weight>1</weight>
            </li>
            <li>
                <capacity>Sight</capacity>
                <weight>0.3</weight>
                <max>1</max>
            </li>
        </capacityFactors>
        <parts>
            <li Class="SurvivalTools.StatPart_SurvivalTool">
                <noToolStatFactor>0.6</noToolStatFactor>
                <noToolStatFactorHardcore>0.4</noToolStatFactorHardcore>
            </li>
        </parts>
    </StatDef>

    <StatDef>
        <defName>ButcheryFleshEfficiency</defName>
        <label>butchery efficiency</label>
        <description>The amount of meat and other products this person can extract from animal carcasses.</description>
        <category>PawnWork</category>
        <defaultBaseValue>1</defaultBaseValue>
        <minValue>0</minValue>
        <maxValue>2</maxValue>
        <toStringStyle>PercentZero</toStringStyle>
        <skillNeedFactors>
            <li Class="SkillNeed_BaseBonus">
                <skill>Cooking</skill>
                <baseValue>0.5</baseValue>
                <bonusPerLevel>0.075</bonusPerLevel>
            </li>
        </skillNeedFactors>
        <capacityFactors>
            <li>
                <capacity>Manipulation</capacity>
                <weight>0.8</weight>
            </li>
            <li>
                <capacity>Sight</capacity>
                <weight>0.5</weight>
                <max>1</max>
            </li>
        </capacityFactors>
        <parts>
            <li Class="SurvivalTools.StatPart_SurvivalTool">
                <noToolStatFactor>0.7</noToolStatFactor>
                <noToolStatFactorHardcore>0.5</noToolStatFactorHardcore>
            </li>
        </parts>
    </StatDef>

    <!-- General Work Speed (for crafting, etc.) -->
    <StatDef>
        <defName>WorkSpeedGlobal</defName>
        <label>general work speed</label>
        <description>The general speed at which this person works at crafting, cooking, and other production tasks. Proper tools can significantly improve efficiency for various types of work that don't have specialized speed stats.</description>
        <category>PawnWork</category>
        <defaultBaseValue>1</defaultBaseValue>
        <minValue>0</minValue>
        <toStringStyle>PercentZero</toStringStyle>
        <neverDisabled>true</neverDisabled>
        <skillNeedFactors>
            <li Class="SkillNeed_BaseBonus">
                <skill>Crafting</skill>
                <baseValue>0.08</baseValue>
                <bonusPerLevel>0.085</bonusPerLevel>
            </li>
        </skillNeedFactors>
        <capacityFactors>
            <li>
                <capacity>Manipulation</capacity>
                <weight>1</weight>
            </li>
            <li>
                <capacity>Sight</capacity>
                <weight>0.3</weight>
                <max>1</max>
            </li>
            <li>
                <capacity>Consciousness</capacity>
                <weight>0.3</weight>
                <max>1</max>
            </li>
        </capacityFactors>
        <parts>
            <li Class="SurvivalTools.StatPart_SurvivalTool">
                <noToolStatFactor>0.7</noToolStatFactor>
                <noToolStatFactorHardcore>0.4</noToolStatFactorHardcore>
                <noToolStatFactorExtraHardcore>0</noToolStatFactorExtraHardcore>
            </li>
        </parts>
    </StatDef>

</Defs>

