<?xml version="1.0" encoding="utf-8" ?>
<Defs>
  <MainButtonDef>
    <defName>ResearchReinvented</defName>
    <label>project</label>
    <description>Manage current research project.</description>
    <workerClass>PeteTimesSix.ResearchReinvented.Rimworld.UI.MainButtonWorker_ToggleResearchReinventedTab</workerClass>
    <tabWindowClass>PeteTimesSix.ResearchReinvented.Rimworld.UI.MainTabWindow_ResearchReinvented</tabWindowClass>
    <order>61</order>
    <validWithoutMap>true</validWithoutMap>
    <minimized>True</minimized>
    <iconPath>RRIcon</iconPath>
  </MainButtonDef>
</Defs>
