<?xml version="1.0" encoding="utf-8" ?>
<Defs>
  
   <WorkGiverDef>
    <defName>RR_Analyse</defName>
    <label>analyse</label>
    <giverClass>PeteTimesSix.ResearchReinvented.Rimworld.WorkGivers.WorkGiver_Analyse</giverClass>
    <workType>Research</workType>
    <verb>analyse</verb>
    <gerund>analysing</gerund>
    <priorityInType>152</priorityInType>
    <requiredCapacities>
      <li>Manipulation</li>
    </requiredCapacities>
    <canBeDoneByMechs>false</canBeDoneByMechs>
  </WorkGiverDef>
  
  <WorkGiverDef>
    <defName>RR_AnalyseInPlace</defName>
    <label>analyse in place</label>
    <giverClass>PeteTimesSix.ResearchReinvented.Rimworld.WorkGivers.WorkGiver_AnalyseInPlace</giverClass>
    <workType>Research</workType>
    <verb>analyse</verb>
    <gerund>analysing</gerund>
    <priorityInType>151</priorityInType>
    <requiredCapacities>
      <li>Manipulation</li>
    </requiredCapacities>
    <canBeDoneByMechs>false</canBeDoneByMechs>
  </WorkGiverDef>
  
  <WorkGiverDef>
    <defName>RR_AnalyseTerrain</defName>
    <label>analyse terrain</label>
    <giverClass>PeteTimesSix.ResearchReinvented.Rimworld.WorkGivers.WorkGiver_AnalyseTerrain</giverClass>
    <workType>Research</workType>
    <verb>analyse</verb>
    <gerund>analysing</gerund>
    <priorityInType>150</priorityInType>
    <requiredCapacities>
      <li>Manipulation</li>
    </requiredCapacities>
	<scanThings>false</scanThings>
	<scanCells>true</scanCells>
    <canBeDoneByMechs>false</canBeDoneByMechs>
  </WorkGiverDef>
  
  <WorkGiverDef>
    <defName>RR_LearnRemotely</defName>
    <label>learn from allies</label>
    <giverClass>PeteTimesSix.ResearchReinvented.Rimworld.WorkGivers.WorkGiver_LearnRemotely</giverClass>
    <workType>Research</workType>
    <verb>learn</verb>
    <gerund>learning at</gerund>
    <priorityInType>120</priorityInType>
    <requiredCapacities>
      <li>Talking</li>
    </requiredCapacities>
	<scanThings>true</scanThings>
	<scanCells>false</scanCells>
    <canBeDoneByMechs>false</canBeDoneByMechs>
  </WorkGiverDef>
  
  <WorkGiverDef>
    <defName>RR_ResearchRR</defName>
    <label>do research</label>
    <giverClass>PeteTimesSix.ResearchReinvented.Rimworld.WorkGivers.WorkGiver_ResearcherRR</giverClass>
    <workType>Research</workType>
    <verb>research</verb>
    <gerund>researching at</gerund>
    <priorityInType>110</priorityInType>
    <canBeDoneByMechs>false</canBeDoneByMechs>
  </WorkGiverDef>
  
  <WorkGiverDef>
    <defName>RR_InterrogatePrisoner</defName>
    <label>do research</label>
    <giverClass>PeteTimesSix.ResearchReinvented.Rimworld.WorkGivers.WorkGiver_Warden_Interrogate</giverClass>
    <workType>Warden</workType>
    <verb>interrogate</verb>
    <gerund>interrogating</gerund>
    <priorityInType>110</priorityInType>
    <requiredCapacities>
      <li>Talking</li>
    </requiredCapacities>
    <canBeDoneByMechs>false</canBeDoneByMechs>
  </WorkGiverDef>
  
</Defs>