<Defs>

    <!-- Tool Carrying Capacity -->
    <StatDef>
        <defName>SurvivalToolCarryCapacity</defName>
        <label>tool carrying capacity</label>
        <description>How many tools this pawn can carry in their inventory. If they have more tools than they can carry, they won't be able to use the excess tools.</description>
        <category>PawnWork</category>
        <displayPriorityInCategory>100</displayPriorityInCategory>
        <defaultBaseValue>2</defaultBaseValue>
        <minValue>0</minValue>
        <showOnAnimals>false</showOnAnimals>
        <showOnMechanoids>false</showOnMechanoids>
    </StatDef>

    <!-- Mining-related -->
    <StatDef>
        <defName>DiggingSpeed</defName>
        <label>digging speed</label>
        <description>The speed at which this person digs at walls.</description>
        <category>PawnWork</category>
        <defaultBaseValue>1</defaultBaseValue>
        <minValue>0</minValue>
        <toStringStyle>PercentZero</toStringStyle>
        <statFactors>
            <li>WorkSpeedGlobal</li>
        </statFactors>
        <skillNeedFactors>
            <li Class="SkillNeed_BaseBonus">
                <skill>Mining</skill>
                <baseValue>0.04</baseValue>
                <bonusPerLevel>0.12</bonusPerLevel>
            </li>
        </skillNeedFactors>
        <capacityFactors>
            <li>
                <capacity>Manipulation</capacity>
                <weight>1</weight>
            </li>
            <li>
                <capacity>Sight</capacity>
                <weight>0.5</weight>
                <max>1</max>
            </li>
        </capacityFactors>
        <scenarioRandomizable>true</scenarioRandomizable>
        <parts>
            <li Class="SurvivalTools.StatPart_SurvivalTool">
                <noToolStatFactorHardcore>0</noToolStatFactorHardcore>
            </li>
        </parts>
        <postProcessCurve>
            <points>
                <li>(0, 0)</li>
                <li>(0.00001, 0.10)</li>
                <li>(0.04, 0.10)</li>
                <li>(0.10, 0.10)</li>
                <li>(99999, 99999)</li>
            </points>
        </postProcessCurve>
    </StatDef>

    <StatDef>
        <defName>MiningYieldDigging</defName>
        <label>mining yield (digging)</label>
        <description>The percentage of mined resources a miner will produce. This only applies to wall mining. This doesn't affect the production rate of rock chunks.</description>
        <category>PawnWork</category>
        <defaultBaseValue>1</defaultBaseValue>
        <minValue>0</minValue>
        <maxValue>1</maxValue>
        <toStringStyle>PercentZero</toStringStyle>
        <skillNeedFactors>
            <li Class="SkillNeed_Direct">
                <skill>Mining</skill>
                <valuesPerLevel>
                    <li>0.6</li>
                    <li>0.7</li>
                    <li>0.8</li>
                    <li>0.85</li>
                    <li>0.9</li>
                    <li>0.925</li>
                    <li>0.95</li>
                    <li>0.975</li>
                    <li>1</li>
                    <li>1.01</li>
                    <li>1.02</li>
                    <li>1.03</li>
                    <li>1.04</li>
                    <li>1.05</li>
                    <li>1.06</li>
                    <li>1.07</li>
                    <li>1.08</li>
                    <li>1.09</li>
                    <li>1.10</li>
                    <li>1.12</li>
                    <li>1.13</li>
                </valuesPerLevel>
            </li>
        </skillNeedFactors>
        <capacityFactors>
            <li>
                <capacity>Manipulation</capacity>
                <weight>0.3</weight>
                <max>1</max>
            </li>
            <li>
                <capacity>Sight</capacity>
                <weight>0.2</weight>
                <max>1</max>
            </li>
        </capacityFactors>
        <parts>
            <li Class="SurvivalTools.StatPart_SurvivalTool">
                <noToolStatFactor>0.5</noToolStatFactor>
                <noToolStatFactorHardcore>0</noToolStatFactorHardcore>
            </li>
        </parts>
    </StatDef>

    <!-- Plant-related -->
    <StatDef>
        <defName>PlantHarvestingSpeed</defName>
        <label>plant harvesting speed</label>
        <description>The speed at which this person harvests plants.</description>
        <category>PawnWork</category>
        <defaultBaseValue>1</defaultBaseValue>
        <minValue>0</minValue>
        <toStringStyle>PercentZero</toStringStyle>
        <neverDisabled>true</neverDisabled>
        <statFactors>
            <li>WorkSpeedGlobal</li>
        </statFactors>
        <skillNeedFactors>
            <li Class="SkillNeed_BaseBonus">
                <skill>Plants</skill>
                <baseValue>0.08</baseValue>
                <bonusPerLevel>0.115</bonusPerLevel>
            </li>
        </skillNeedFactors>
        <capacityFactors>
            <li>
                <capacity>Manipulation</capacity>
                <weight>1</weight>
            </li>
            <li>
                <capacity>Sight</capacity>
                <weight>0.3</weight>
                <max>1</max>
            </li>
        </capacityFactors>
        <parts>
            <li Class="SurvivalTools.StatPart_SurvivalTool">
                <noToolStatFactor>0.5</noToolStatFactor>
            </li>
        </parts>
    </StatDef>

    <StatDef>
        <defName>TreeFellingSpeed</defName>
        <label>tree felling speed</label>
        <description>The speed at which this person fells trees.</description>
        <category>PawnWork</category>
        <defaultBaseValue>1</defaultBaseValue>
        <minValue>0</minValue>
        <toStringStyle>PercentZero</toStringStyle>
        <neverDisabled>true</neverDisabled>
        <statFactors>
            <li>WorkSpeedGlobal</li>
        </statFactors>
        <skillNeedFactors>
            <li Class="SkillNeed_BaseBonus">
                <skill>Plants</skill>
                <baseValue>0.08</baseValue>
                <bonusPerLevel>0.115</bonusPerLevel>
            </li>
        </skillNeedFactors>
        <capacityFactors>
            <li>
                <capacity>Manipulation</capacity>
                <weight>1</weight>
            </li>
            <li>
                <capacity>Sight</capacity>
                <weight>0.3</weight>
                <max>1</max>
            </li>
        </capacityFactors>
        <parts>
            <li Class="SurvivalTools.StatPart_SurvivalTool">
                <noToolStatFactorHardcore>0</noToolStatFactorHardcore>
            </li>
        </parts>
    </StatDef>

</Defs>