<Defs>

    <StatDef>
        <defName>ToolEstimatedLifespan</defName>
        <workerClass>SurvivalTools.StatWorker_EstimatedLifespan</workerClass>
        <label>estimated tool lifespan</label>
        <description>The amount of continuous use this tool can withstand before breaking. This doesn't take the current condition of the tool into account.</description>
        <category>SurvivalTool</category>
        <displayPriorityInCategory>20</displayPriorityInCategory>
        <minValue>0</minValue>
        <toStringStyle>FloatOne</toStringStyle>
        <formatString>{0} days</formatString>
        <parts>
            <li Class="StatPart_Quality">
                <factorAwful>0.7</factorAwful>
                <factorPoor>0.85</factorPoor>
                <factorNormal>1</factorNormal>
                <factorGood>1.2</factorGood>
                <factorExcellent>1.4</factorExcellent>
                <factorMasterwork>1.8</factorMasterwork>
                <factorLegendary>2.7</factorLegendary>
            </li>
        </parts>
    </StatDef>

    <StatDef>
        <defName>ToolEffectivenessFactor</defName>
        <label>tool effectiveness factor</label>
        <description>A global multiplier of this tool's stat modifiers.</description>
        <category>SurvivalTool</category>
        <displayPriorityInCategory>10</displayPriorityInCategory>
        <defaultBaseValue>1</defaultBaseValue>
        <minValue>0</minValue>
        <toStringStyle>PercentZero</toStringStyle>
        <showIfUndefined>false</showIfUndefined>
        <parts>
            <li Class="StatPart_Quality">
                <factorAwful>0.8</factorAwful>
                <factorPoor>0.9</factorPoor>
                <factorNormal>1</factorNormal>
                <factorGood>1.1</factorGood>
                <factorExcellent>1.2</factorExcellent>
                <factorMasterwork>1.35</factorMasterwork>
                <factorLegendary>1.6</factorLegendary>
            </li>
        </parts>
    </StatDef>

</Defs>