<Patch>
    <Operation Class="PatchOperationFindMod">
        <mods>
            <li>Ludeon.RimWorld.Odyssey</li>
        </mods>
        <match Class="PatchOperationSequence">
            <operations>
                <!-- BlocksVacstone -->
                <li Class="PatchOperationAddModExtension">
                    <xpath>Defs/ThingDef[defName="BlocksVacstone"]</xpath>
                    <value>
                        <li Class="SurvivalTools.StuffPropsTool">
                            <toolStatFactors>
                                <TreeFellingSpeed>1.0</TreeFellingSpeed>
                                <PlantHarvestingSpeed>1.0</PlantHarvestingSpeed>
                                <DiggingSpeed>1.0</DiggingSpeed>
                                <MiningYieldDigging>1.0</MiningYieldDigging>
                                <ConstructionSpeed>1.0</ConstructionSpeed>
                            </toolStatFactors>
                        </li>
                    </value>
                </li>

                <!-- Obsidian (if you want to buff/nerf it too) -->
                <li Class="PatchOperationAddModExtension">
                    <xpath>Defs/ThingDef[defName="Obsidian"]</xpath>
                    <value>
                        <li Class="SurvivalTools.StuffPropsTool">
                            <toolStatFactors>
                                <TreeFellingSpeed>0.8</TreeFellingSpeed>
                                <PlantHarvestingSpeed>0.8</PlantHarvestingSpeed>
                                <DiggingSpeed>0.9</DiggingSpeed>
                                <MiningYieldDigging>0.95</MiningYieldDigging>
                                <ConstructionSpeed>0.8</ConstructionSpeed>
                                <MaintenanceSpeed>0.8</MaintenanceSpeed>
                                <DeconstructionSpeed>0.9</DeconstructionSpeed>
                                <ResearchSpeed>0.9</ResearchSpeed>
                                <CleaningSpeed>1.0</CleaningSpeed>
                                <MedicalOperationSpeed>1.2</MedicalOperationSpeed>
                                <MedicalSurgerySuccessChance>1.1</MedicalSurgerySuccessChance>
                                <ButcheryFleshSpeed>1.3</ButcheryFleshSpeed>
                                <ButcheryFleshEfficiency>1.1</ButcheryFleshEfficiency>
                                <SowingSpeed>0.8</SowingSpeed>
                            </toolStatFactors>
                        </li>
                    </value>
                </li>
            </operations>
        </match>
    </Operation>
</Patch>
