<Patch>
  <Operation Class="PatchOperationFindMod">
    <mods>
      <li>Rim of Madness - Bones</li>
    </mods>
    <match Class="PatchOperationSequence">
      <success>Always</success>
      <operations>
        <!-- BoneItem -->
        <li Class="PatchOperationConditional">
          <xpath>Defs/ThingDef[defName="BoneItem"]/modExtensions/li[@Class="SurvivalTools.StuffPropsTool"]</xpath>
          <nomatch Class="PatchOperationAddModExtension">
            <xpath>Defs/ThingDef[defName="BoneItem"]</xpath>
            <value>
              <li Class="SurvivalTools.StuffPropsTool">
                <toolStatFactors>
                  <TreeFellingSpeed>0.5</TreeFellingSpeed>
                  <PlantHarvestingSpeed>0.5</PlantHarvestingSpeed>
                  <DiggingSpeed>0.6</DiggingSpeed>
                  <MiningYieldDigging>0.8</MiningYieldDigging>
                  <ConstructionSpeed>0.6</ConstructionSpeed>
                </toolStatFactors>
              </li>
            </value>
          </nomatch>
        </li>
        <!-- Bonecrete -->
        <li Class="PatchOperationConditional">
          <xpath>Defs/ThingDef[defName="Bonecrete"]/modExtensions/li[@Class="SurvivalTools.StuffPropsTool"]</xpath>
          <nomatch Class="PatchOperationAddModExtension">
            <xpath>Defs/ThingDef[defName="Bonecrete"]</xpath>
            <value>
              <li Class="SurvivalTools.StuffPropsTool">
                <toolStatFactors>
                  <TreeFellingSpeed>0.45</TreeFellingSpeed>
                  <PlantHarvestingSpeed>0.45</PlantHarvestingSpeed>
                </toolStatFactors>
              </li>
            </value>
          </nomatch>
        </li>
        <!-- BonePlastic -->
        <li Class="PatchOperationConditional">
          <xpath>Defs/ThingDef[defName="BonePlastic"]/modExtensions/li[@Class="SurvivalTools.StuffPropsTool"]</xpath>
          <nomatch Class="PatchOperationAddModExtension">
            <xpath>Defs/ThingDef[defName="BonePlastic"]</xpath>
            <value>
              <li Class="SurvivalTools.StuffPropsTool">
                <toolStatFactors>
                  <TreeFellingSpeed>0.3</TreeFellingSpeed>
                  <PlantHarvestingSpeed>0.3</PlantHarvestingSpeed>
                  <DiggingSpeed>0.3</DiggingSpeed>
                  <MiningYieldDigging>0.5</MiningYieldDigging>
                  <ConstructionSpeed>0.3</ConstructionSpeed>
                </toolStatFactors>
              </li>
            </value>
          </nomatch>
        </li>
        <!-- BoneChina -->
        <li Class="PatchOperationConditional">
          <xpath>Defs/ThingDef[defName="BoneChina"]/modExtensions/li[@Class="SurvivalTools.StuffPropsTool"]</xpath>
          <nomatch Class="PatchOperationAddModExtension">
            <xpath>Defs/ThingDef[defName="BoneChina"]</xpath>
            <value>
              <li Class="SurvivalTools.StuffPropsTool">
                <toolStatFactors>
                  <TreeFellingSpeed>0.12</TreeFellingSpeed>
                  <PlantHarvestingSpeed>0.12</PlantHarvestingSpeed>
                  <DiggingSpeed>0.12</DiggingSpeed>
                  <MiningYieldDigging>0.25</MiningYieldDigging>
                  <ConstructionSpeed>0.12</ConstructionSpeed>
                </toolStatFactors>
              </li>
            </value>
          </nomatch>
        </li>
      </operations>
    </match>
  </Operation>
</Patch>