<Patch>
  <Operation Class="PatchOperationFindMod">
    <mods>
      <li>Primitive Tools</li>
    </mods>
    <match Class="PatchOperationSequence">
      <success>Always</success>
      <operations>
        <li Class="PatchOperationAddModExtension">
          <xpath>Defs/ThingDef[defName="VBY_BoneShovel"]</xpath>
          <value>
            <li Class="SurvivalTools.SurvivalToolProperties">
              <baseWorkStatFactors>
                <DiggingSpeed>0.75</DiggingSpeed>
                <MiningYieldDigging>0.75</MiningYieldDigging>
                <PlantHarvestingSpeed>0.75</PlantHarvestingSpeed>
              </baseWorkStatFactors>            </li>
          </value>
        </li>
        <li Class="PatchOperationAdd">
          <xpath>Defs/ThingDef[defName="VBY_BoneShovel"]</xpath>
          <value>
            <thingClass>SurvivalTools.SurvivalTool</thingClass>
          </value>
        </li>
        <li Class="PatchOperationAddModExtension">
          <xpath>Defs/ThingDef[defName="VBY_FlintAxe"]</xpath>
          <value>
            <li Class="SurvivalTools.SurvivalToolProperties">
              <baseWorkStatFactors>
                <TreeFellingSpeed>1.1</TreeFellingSpeed>
              </baseWorkStatFactors>            </li>
          </value>
        </li>
        <li Class="PatchOperationAdd">
          <xpath>Defs/ThingDef[defName="VBY_FlintAxe"]</xpath>
          <value>
            <thingClass>SurvivalTools.SurvivalTool</thingClass>
          </value>
        </li>
        <li Class="PatchOperationAddModExtension">
          <xpath>Defs/ThingDef[defName="VBY_FlintHandAxe"]</xpath>
          <value>
            <li Class="SurvivalTools.SurvivalToolProperties">
              <baseWorkStatFactors>
                <TreeFellingSpeed>0.5</TreeFellingSpeed>
              </baseWorkStatFactors>            </li>
          </value>
        </li>
        <li Class="PatchOperationAdd">
          <xpath>Defs/ThingDef[defName="VBY_FlintHandAxe"]</xpath>
          <value>
            <thingClass>SurvivalTools.SurvivalTool</thingClass>
          </value>
        </li>
        <li Class="PatchOperationAddModExtension">
          <xpath>Defs/ThingDef[defName="VBY_BoneSaw"]</xpath>
          <value>
            <li Class="SurvivalTools.SurvivalToolProperties">
              <baseWorkStatFactors>
                <TreeFellingSpeed>1.0</TreeFellingSpeed>
                <MedicalOperationSpeed>0.8</MedicalOperationSpeed>
                <MedicalSurgerySuccessChance>0.7</MedicalSurgerySuccessChance>
              </baseWorkStatFactors>            </li>
          </value>
        </li>
        <li Class="PatchOperationAdd">
          <xpath>Defs/ThingDef[defName="VBY_BoneSaw"]</xpath>
          <value>
            <thingClass>SurvivalTools.SurvivalTool</thingClass>
          </value>
        </li>
        <li Class="PatchOperationAddModExtension">
          <xpath>Defs/ThingDef[defName="VBY_FlintSickle"]</xpath>
          <value>
            <li Class="SurvivalTools.SurvivalToolProperties">
              <baseWorkStatFactors>
                <PlantHarvestingSpeed>1.0</PlantHarvestingSpeed>
              </baseWorkStatFactors>            </li>
          </value>
        </li>
        <li Class="PatchOperationAdd">
          <xpath>Defs/ThingDef[defName="VBY_FlintSickle"]</xpath>
          <value>
            <thingClass>SurvivalTools.SurvivalTool</thingClass>
          </value>
        </li>
        <li Class="PatchOperationAddModExtension">
          <xpath>Defs/ThingDef[defName="VBY_HammerStone"]</xpath>
          <value>
            <li Class="SurvivalTools.SurvivalToolProperties">
              <baseWorkStatFactors>
                <ConstructionSpeed>0.85</ConstructionSpeed>
                <ConstructSuccessChance>1.0</ConstructSuccessChance>
              </baseWorkStatFactors>            </li>
          </value>
        </li>
        <li Class="PatchOperationAdd">
          <xpath>Defs/ThingDef[defName="VBY_HammerStone"]</xpath>
          <value>
            <thingClass>SurvivalTools.SurvivalTool</thingClass>
          </value>
        </li>
        <li Class="PatchOperationAddModExtension">
          <xpath>Defs/ThingDef[defName="VBY_StoneHammer"]</xpath>
          <value>
            <li Class="SurvivalTools.SurvivalToolProperties">
              <baseWorkStatFactors>
                <ConstructionSpeed>0.85</ConstructionSpeed>
                <ConstructSuccessChance>1.0</ConstructSuccessChance>
              </baseWorkStatFactors>            </li>
          </value>
        </li>
        <li Class="PatchOperationAdd">
          <xpath>Defs/ThingDef[defName="VBY_StoneHammer"]</xpath>
          <value>
            <thingClass>SurvivalTools.SurvivalTool</thingClass>
          </value>
        </li>
        <li Class="PatchOperationAddModExtension">
          <xpath>Defs/ThingDef[defName="VBY_StoneMallet"]</xpath>
          <value>
            <li Class="SurvivalTools.SurvivalToolProperties">
              <baseWorkStatFactors>
                <ConstructionSpeed>1.1</ConstructionSpeed>
                <ConstructSuccessChance>0.75</ConstructSuccessChance>
                <!-- Lower chance because big and wieldly -->
              </baseWorkStatFactors>            </li>
          </value>
        </li>
        <li Class="PatchOperationAdd">
          <xpath>Defs/ThingDef[defName="VBY_StoneMallet"]</xpath>
          <value>
            <thingClass>SurvivalTools.SurvivalTool</thingClass>
          </value>
        </li>
      </operations>
    </match>
  </Operation>
</Patch>