<Defs>

    <SpecialThingFilterDef>
        <defName>SurvivalTools_AllowSmeltable</defName>
        <label>allow smeltable</label>
        <parentCategory>SurvivalTools</parentCategory>
        <allowedByDefault>true</allowedByDefault>
        <saveKey>survivalTools_AllowSmeltable</saveKey>
        <workerClass>SpecialThingFilterWorker_Smeltable</workerClass>
    </SpecialThingFilterDef>

    <SpecialThingFilterDef>
        <defName>SurvivalTools_AllowNonSmeltable</defName>
        <label>allow non-smeltable</label>
        <parentCategory>SurvivalTools</parentCategory>
        <allowedByDefault>true</allowedByDefault>
        <saveKey>survivalTools_AllowNonSmeltable</saveKey>
        <workerClass>SurvivalTools.SpecialThingFilterWorker_NonSmeltableTools</workerClass>
    </SpecialThingFilterDef>

</Defs>