<?xml version="1.0" encoding="utf-8" ?>
<Defs>

  <InteractionDef>
    <defName>RR_ScienceInterrogation_Demand</defName>
    <label>extract knowledge</label>
	<workerClass>PeteTimesSix.ResearchReinvented.Rimworld.InteractionWorkers.InteractionWorker_ScienceInterrogation</workerClass>
    <symbol>Motes/Speech/scienceQuestion</symbol>
    <logRulesInitiator>
      <rulesStrings>
        <li>r_logentry->[INITIATOR_nameDef] spoke to [RECIPIENT_nameDef] about [subject].</li>
        <li>r_logentry->[INITIATOR_nameDef] described [subject] to [RECIPIENT_nameDef].</li>
        <li>r_logentry->[INITIATOR_nameDef] [encouraged] [RECIPIENT_nameDef] to [talkabout] [knowledge_requested].</li>

		<li>encouraged->encouraged</li>
		<li>encouraged->offered a chance for</li>
		<li>encouraged->demanded</li>
		<li>encouraged->suggested</li>

        <li>talkabout->talk about</li>
        <li>talkabout->discuss</li>
        <li>talkabout->have a discussion about</li>
        <li>talkabout->think about</li>

        <li>subject->science</li>
        <li>subject->previous experiments</li>
        <li>subject->the scientific method</li>
		
        <li>knowledge_requested->scientific data</li>
        <li>knowledge_requested->experimentation</li>
        <li>knowledge_requested->data points</li>
        <li>knowledge_requested->[RECIPIENT_possessive] experience</li>
        <li>knowledge_requested->[RECIPIENT_possessive] knowledge</li>
      </rulesStrings>
    </logRulesInitiator>
  </InteractionDef>  
  
  <InteractionDef>
    <defName>RR_ScienceInterrogation_Reply_Cooperative</defName>
    <label>share knowledge</label>
	<workerClass>PeteTimesSix.ResearchReinvented.Rimworld.InteractionWorkers.InteractionWorker_ScienceInterrogation</workerClass>
    <symbol>Motes/Speech/science</symbol>
    <logRulesInitiator>
      <rulesStrings>
        <li>r_logentry->[RECIPIENT_nameDef] [willingly] [revealed] [knowledge] to [INITIATOR_nameDef].</li>

        <li>willingly->willingly</li>
        <li>willingly->voluntarily</li>
        <li>willingly->readily</li>
        <li>willingly->freely</li>

        <li>revealed->revealed</li>
        <li>revealed->surrendered</li>
        <li>revealed->gave up</li>
        <li>revealed->conceded</li>

        <li>knowledge->[RECIPIENT_possessive] knowledge</li>
        <li>knowledge->[RECIPIENT_possessive] experience</li>
        <li>knowledge->information</li>
        <li>knowledge->scientific data</li>
        <li>knowledge->data points</li>
      </rulesStrings>
    </logRulesInitiator>
  </InteractionDef>  
  
  <InteractionDef>
    <defName>RR_ScienceInterrogation_Reply_Reluctant</defName>
    <label>share knowledge</label>
	<workerClass>PeteTimesSix.ResearchReinvented.Rimworld.InteractionWorkers.InteractionWorker_ScienceInterrogation</workerClass>
    <symbol>Motes/Speech/science</symbol>
    <logRulesInitiator>
      <rulesStrings>
        <li>r_logentry->[RECIPIENT_nameDef] [reluctantly] [revealed] [knowledge] to [INITIATOR_nameDef].</li>

        <li>reluctantly->reluctantly</li>
        <li>reluctantly->unwillingly</li>

        <li>revealed->revealed</li>
        <li>revealed->surrendered</li>
        <li>revealed->gave up</li>
        <li>revealed->conceded</li>

        <li>knowledge->[RECIPIENT_possessive] knowledge</li>
        <li>knowledge->[RECIPIENT_possessive] experience</li>
        <li>knowledge->information</li>
        <li>knowledge->scientific data</li>
        <li>knowledge->data points</li>
      </rulesStrings>
    </logRulesInitiator>
  </InteractionDef> 
  
  <InteractionDef>
    <defName>RR_ScienceInterrogation_Reply_Resistant</defName>
    <label>share knowledge</label>
	<workerClass>PeteTimesSix.ResearchReinvented.Rimworld.InteractionWorkers.InteractionWorker_ScienceInterrogation</workerClass>
    <symbol>Motes/Speech/science</symbol>
    <logRulesInitiator>
      <rulesStrings>
        <li>r_logentry->[RECIPIENT_nameDef] refused to [reveal] [anything] to [INITIATOR_nameDef].</li>
        <li>r_logentry->[RECIPIENT_nameDef] [revealed] [false_pair] [knowledge] to [INITIATOR_nameDef].</li>

        <li>reveal->surrender</li>
        <li>reveal->give up</li>
        <li>reveal->concede</li>
        <li>reveal->reveal</li>
		
        <li>revealed->revealed</li>
        <li>revealed->surrendered</li>
        <li>revealed->gave up</li>
        <li>revealed->conceded</li>
		
        <li>anything->[RECIPIENT_possessive] knowledge</li>
        <li>anything->anything</li>
        <li>anything->any information</li>
		
		<li>false_pair->[false]</li>
		<li>false_pair->[false_adjective] [false]</li>
		
			<li>false_adjective->blatantly</li>
			<li>false_adjective->clearly</li>
			<li>false_adjective->completely</li>
			
			<li>false->false</li>
			<li>false->incorrect</li>
			<li>false->false</li>
			<li>false->unreliable</li>
			<li>false->unverifiable</li>
			<li>false->unactionable</li>
		
        <li>knowledge->information</li>
        <li>knowledge->scientific data</li>
        <li>knowledge->data points</li>
      </rulesStrings>
    </logRulesInitiator>
  </InteractionDef> 
  
  <InteractionDef>
    <defName>RR_ScienceInterrogationFinalize</defName>
    <label>note knowledge</label>
	<workerClass>PeteTimesSix.ResearchReinvented.Rimworld.InteractionWorkers.InteractionWorker_LearnScienceFromPrisoner</workerClass>
    <symbol>Motes/Speech/scienceCheck</symbol>
    <initiatorXpGainSkill>Intellectual</initiatorXpGainSkill>
    <initiatorXpGainAmount>250</initiatorXpGainAmount>
    <logRulesInitiator>
      <rulesStrings>
        <li>r_logentry->[INITIATOR_nameDef] [noted] [knowledge] [given] by [RECIPIENT_nameDef] [about] [subject].</li>

		<li>noted->noted down</li>
		<li>noted->wrote down</li>
		<li>noted->logged</li>
		<li>noted->memorized</li>
		<li>noted->gained</li>

		<li>given->given</li>
		<li>given->shared</li>
		<li>given->provided</li>
		<li>given->doled out</li>
		<li>given->handed over</li>
		<li>given->dispensed</li>
		
		<li>about->about</li>
		<li>about->regarding</li>
		<li>about->on the subject of</li>

        <li>subject->science</li>
        <li>subject->previous experiments</li>
        <li>subject->prototypes</li>
        <li>subject->research</li>
		
        <li>knowledge->knowledge</li>
        <li>knowledge->information</li>
        <li>knowledge->scientific data</li>
        <li>knowledge->data points</li>
      </rulesStrings>
    </logRulesInitiator>
  </InteractionDef>
</Defs>