<?xml version="1.0" encoding="utf-8" ?>
<Defs>  
	
	<PeteTimesSix.ResearchReinvented.Defs.ResearchOpportunityTypeDef ParentName="IngestibleOpportunity">
		<defName>AnalyseFood</defName>
		<header_Direct>reproduce recipe</header_Direct>
		<header_Ancestor>iterate on recipe</header_Ancestor>
		<shortDesc_Direct>Attempt to determine the recipe used to create {0}.\n\nAffected by (when consuming):\nConsumer's research speed stat</shortDesc_Direct>
		<shortDesc_Ancestor>Gather subjective opinions on the quality of the recipe used to create {0}.\n\nAffected by (when consuming):\nConsumer's research speed stat</shortDesc_Ancestor>
		<category_Direct>Gastronomy</category_Direct>
		<category_Ancestor>Gastronomy</category_Ancestor>
		<hintIcons>
			<li>UI/hintIcons/food</li>
		</hintIcons>
	</PeteTimesSix.ResearchReinvented.Defs.ResearchOpportunityTypeDef>
	
	<PeteTimesSix.ResearchReinvented.Defs.ResearchOpportunityTypeDef ParentName="IngestibleOpportunity">
		<defName>AnalyseRawFood</defName>
		<handledBy>Job_Analysis, Special_OnIngest</handledBy>
		<jobPickerClass>PeteTimesSix.ResearchReinvented.OpportunityJobPickers.JobPicker_AnalyseInPlaceOrMinified</jobPickerClass>
		<header_Direct>determine flavor profile</header_Direct>
		<shortDesc_Direct>Determine the flavor profile of {0}, either by scientific analysis at research benches or by directly tasting {0}.\n\nAffected by (at bench):\nBench research speed stat\nResearcher research speed stat\n\nAffected by (when consuming):\nConsumer research speed stat</shortDesc_Direct>
		<category_Direct>Gastronomy</category_Direct>
		<hintIcons>
			<li>UI/hintIcons/magnifier</li>
			<li>UI/hintIcons/food</li>
		</hintIcons>
	</PeteTimesSix.ResearchReinvented.Defs.ResearchOpportunityTypeDef>
	
	<PeteTimesSix.ResearchReinvented.Defs.ResearchOpportunityTypeDef ParentName="IngestibleOpportunity">
		<defName>AnalyseFuelFood</defName>
		<handledBy>Job_Analysis, Special_OnIngest</handledBy>
		<jobPickerClass>PeteTimesSix.ResearchReinvented.OpportunityJobPickers.JobPicker_AnalyseInPlaceOrMinified</jobPickerClass>
		<header_Direct>nutrient content analysis</header_Direct>
		<shortDesc_Direct>Determine the nutrient content of {0}, either by scientific analysis at research benches or by subsisting on {0} directly.\n\nAffected by (at bench):\nBench research speed stat\nResearcher research speed stat\n\nAffected by (when consuming):\nConsumer research speed stat</shortDesc_Direct>
		<category_Direct>Gastronomy</category_Direct>
		<hintIcons>
			<li>UI/hintIcons/magnifier</li>
			<li>UI/hintIcons/food</li>
		</hintIcons>
	</PeteTimesSix.ResearchReinvented.Defs.ResearchOpportunityTypeDef>
</Defs>