<?xml version="1.0" encoding="utf-8" ?>
<Defs>  
	
	<PeteTimesSix.ResearchReinvented.Defs.ResearchOpportunityTypeDef ParentName="TheoryOpportunity">
		<defName>BasicResearch</defName>
		<jobDef>RR_Research</jobDef>
		<header_Direct>basic research</header_Direct>
		<shortDesc_Direct>Theorize from fundamentals.\n\nAffected by (at bench):\nBench research speed stat\nResearcher research speed stat</shortDesc_Direct>
		<category_Direct>Theory</category_Direct>
		<hintIcons>
			<li>UI/hintIcons/magnifier</li>
		</hintIcons>
	</PeteTimesSix.ResearchReinvented.Defs.ResearchOpportunityTypeDef>
</Defs>