<?xml version="1.0" encoding="utf-8" ?>
<Defs>  
	
	<PeteTimesSix.ResearchReinvented.Defs.ResearchOpportunityTypeDef ParentName="PrototypeOpportunity">
		<defName>PrototypeConstruction</defName>
		<header_Direct>prototype construction</header_Direct>
		<shortDesc_Direct>Construct a prototype of {0}.\n\nAffected by (after construction success or failure):\nWorker construction speed\nWorker research speed stat</shortDesc_Direct>
		<category_Direct>Prototyping</category_Direct>
		<generatesPopups>true</generatesPopups>
	</PeteTimesSix.ResearchReinvented.Defs.ResearchOpportunityTypeDef>
	
	<PeteTimesSix.ResearchReinvented.Defs.ResearchOpportunityTypeDef ParentName="PrototypeOpportunity">
		<defName>PrototypeTerrainConstruction</defName>
		<header_Direct>prototype construction</header_Direct>
		<shortDesc_Direct>Construct a prototype of {0}.\n\nAffected by (after construction success or failure):\nWorker construction speed\nWorker research speed stat</shortDesc_Direct>
		<category_Direct>Prototyping</category_Direct>
		<generatesPopups>true</generatesPopups>
	</PeteTimesSix.ResearchReinvented.Defs.ResearchOpportunityTypeDef>
	
	<PeteTimesSix.ResearchReinvented.Defs.ResearchOpportunityTypeDef ParentName="PrototypeOpportunity">
		<defName>PrototypeProduction</defName>
		<header_Direct>prototype production</header_Direct>
		<shortDesc_Direct>Produce a prototype of {0} at the appropriate production facility.\n\nAffected by (after production):\nCrafter speed (by recipe)\nCrafter research speed stat</shortDesc_Direct>
		<category_Direct>Prototyping</category_Direct>
		<generatesPopups>true</generatesPopups>
	</PeteTimesSix.ResearchReinvented.Defs.ResearchOpportunityTypeDef>
	
</Defs>