<?xml version="1.0" encoding="utf-8" ?>
<Defs>  
	
	<PeteTimesSix.ResearchReinvented.Defs.ResearchOpportunityTypeDef ParentName="FloorAnalysisOpportunity">
		<defName>AnalyseFloor</defName>
		<header_Direct>reverse engineer floor</header_Direct>
		<header_Ancestor>gather construction experience</header_Ancestor>
		<shortDesc_Direct>Reverse engineer construction approach of {0}.\n\nAffected by (in the field):\nResearch kit research speed stat\nResearcher research speed stat</shortDesc_Direct>
		<shortDesc_Ancestor>Inspect construction methodology used in construction of {0}.\n\nAffected by (in the field):\nResearch kit research speed stat\nResearcher research speed stat</shortDesc_Ancestor>
		<category_Direct>ReverseEngineering</category_Direct>
		<category_Ancestor>ForwardEngineering</category_Ancestor>
	</PeteTimesSix.ResearchReinvented.Defs.ResearchOpportunityTypeDef>
	
	<PeteTimesSix.ResearchReinvented.Defs.ResearchOpportunityTypeDef ParentName="FloorAnalysisOpportunity">
		<defName>AnalyseSoil</defName>
		<header_Direct>soil analysis</header_Direct>
		<shortDesc_Direct>Analyze soil contents of {0}.\n\nAffected by (in the field):\nResearch kit research speed stat\nResearcher research speed stat</shortDesc_Direct>
		<category_Direct>Geology</category_Direct>
	</PeteTimesSix.ResearchReinvented.Defs.ResearchOpportunityTypeDef>
	
	<PeteTimesSix.ResearchReinvented.Defs.ResearchOpportunityTypeDef ParentName="FloorAnalysisOpportunity">
		<defName>AnalyseTerrain</defName>
		<header_Direct>terrain analysis</header_Direct>
		<shortDesc_Direct>Analyze {0}.\n\n\Affected by (in the field):\nResearch kit research speed stat\nResearcher research speed stat</shortDesc_Direct>
		<category_Direct>Geology</category_Direct>
	</PeteTimesSix.ResearchReinvented.Defs.ResearchOpportunityTypeDef>
</Defs>