<?xml version="1.0" encoding="utf-8" ?>
<Defs>  
	
	<PeteTimesSix.ResearchReinvented.Defs.ResearchOpportunityTypeDef ParentName="ResearchOpportunityBase">
		<defName>AnalyseMedicine</defName>
		<handledBy>Special_Medicine</handledBy>
		<jobPickerClass>PeteTimesSix.ResearchReinvented.OpportunityJobPickers.JobPicker_NoJob</jobPickerClass>
		<header_Direct>medicine efficacy trial</header_Direct>
		<shortDesc_Direct>Determine efficacy of {0} as applied during surgeries and wound treatment.\n\nAffected by (after surgery and tending):\nSurgeon research speed stat\nPatient (if awake) research speed stat</shortDesc_Direct>
		<category_Direct>Biology</category_Direct>
		<hintIcons Inherit="false">
			<li>UI/hintIcons/clipboard</li>
			<li>UI/hintIcons/pills</li>
		</hintIcons>
	</PeteTimesSix.ResearchReinvented.Defs.ResearchOpportunityTypeDef>
	
	
	<PeteTimesSix.ResearchReinvented.Defs.ResearchOpportunityTypeDef ParentName="IngestibleOpportunity">
		<defName>TrialDrug</defName>
		<handledBy>Special_OnIngest, Special_OnIngest_Observable</handledBy>
		<jobPickerClass>PeteTimesSix.ResearchReinvented.OpportunityJobPickers.JobPicker_NoJob</jobPickerClass>
		<header_Direct>drug trial</header_Direct>
		<shortDesc_Direct>Observe the effects of {0} by administering it to living subjects or self-trials.\n\nAffected by (on drug application):\nDoctor research speed stat\nPatient (if awake) research speed stat</shortDesc_Direct>
		<category_Direct>Clinical</category_Direct>
		<hintIcons Inherit="false">
			<li>UI/hintIcons/clipboard</li>
			<li>UI/hintIcons/pills</li>
		</hintIcons>
		<generatesPopups>true</generatesPopups>
	</PeteTimesSix.ResearchReinvented.Defs.ResearchOpportunityTypeDef>
	
	
	<PeteTimesSix.ResearchReinvented.Defs.ResearchOpportunityTypeDef ParentName="PrototypeOpportunity">
		<defName>PrototypeSurgery</defName>
		<header_Direct>experimental surgery</header_Direct>
		<shortDesc_Direct>Attempt an experimental surgical procedure: {0}.\n\nAffected by (after surgery):\nSurgeon research speed stat</shortDesc_Direct>
		<category_Direct>Clinical</category_Direct>
		<hintIcons Inherit="false">
			<li>UI/hintIcons/medical</li>
		</hintIcons>
		<generatesPopups>true</generatesPopups>
	</PeteTimesSix.ResearchReinvented.Defs.ResearchOpportunityTypeDef>
</Defs>