<Defs>
    <ThingDef Name="SurvivalToolBasic"
              ParentName="BaseSurvivalTool"
              Abstract="True">
        <techLevel>Neolithic</techLevel>
        <statBases>
            <WorkToMake>1800</WorkToMake>
        </statBases>
        <stuffCategories>
            <li>Woody</li>
            <li>Stony</li>
            <li>Metallic</li>
        </stuffCategories>
        <smeltable>true</smeltable>
        <recipeMaker>
            <workSpeedStat>GeneralLaborSpeed</workSpeedStat>
            <workSkill>Crafting</workSkill>
            <effectWorking>Smith</effectWorking>
            <soundWorking>Recipe_Smith</soundWorking>
            <recipeUsers>
                <li>CraftingSpot</li>
                <li>ElectricSmithy</li>
                <li>FueledSmithy</li>
            </recipeUsers>
            <defaultIngredientFilter>
                <categories>
                    <li>Root</li>
                </categories>
                <disallowedThingDefs>
                    <li>Silver</li>
                    <li>Gold</li>
                </disallowedThingDefs>
            </defaultIngredientFilter>
            <unfinishedThingDef>UnfinishedWeapon</unfinishedThingDef>
        </recipeMaker>
        <thingCategories>
            <li>SurvivalToolsNeolithic</li>
        </thingCategories>
        <comps>
            <li>
                <compClass>CompQuality</compClass>
            </li>
        </comps>
    </ThingDef>
    <!-- Tools -->
    <ThingDef ParentName="SurvivalToolBasic">
        <defName>SurvivalTools_Axe</defName>
        <label>axe</label>
        <description>Effective at chopping down trees thanks to the head that's attached to its handle. This can also be used as a melee weapon in a pinch.</description>
        <costStuffCount>40</costStuffCount>
        <statBases>
            <Mass>2.5</Mass>
        </statBases>
        <graphicData>
            <texPath>Things/Item/Equipment/Tool/Axe</texPath>
            <graphicClass>Graphic_Single</graphicClass>
        </graphicData>
        <modExtensions>
            <li Class="SurvivalTools.SurvivalToolProperties">
                <baseWorkStatFactors>
                    <TreeFellingSpeed>1</TreeFellingSpeed>
                </baseWorkStatFactors>
                <defaultSurvivalToolAssignmentTags>
                    <li>PlantWorker</li>
                </defaultSurvivalToolAssignmentTags>
            </li>
        </modExtensions>
        <tools>
            <li>
                <label>handle</label>
                <capacities>
                    <li>Poke</li>
                </capacities>
                <power>9</power>
                <cooldownTime>2</cooldownTime>
            </li>
            <!-- 83% of the club's DPS with the main tool -->
            <li>
                <label>head</label>
                <labelUsedInLogging>false</labelUsedInLogging>
                <capacities>
                    <li>Cut</li>
                </capacities>
                <power>15.1</power>
                <cooldownTime>2.6</cooldownTime>
            </li>
        </tools>
    </ThingDef>
    <ThingDef ParentName="SurvivalToolBasic">
        <defName>SurvivalTools_Pickaxe</defName>
        <label>pickaxe</label>
        <description>Comprising of a weighted head that's attached to a handle, pickaxes are effective at breaking solid rocks. This can also be used as a melee weapon in a pinch.</description>
        <costStuffCount>40</costStuffCount>
        <statBases>
            <Mass>2.5</Mass>
        </statBases>
        <graphicData>
            <texPath>Things/Item/Equipment/Tool/Pickaxe</texPath>
            <graphicClass>Graphic_Single</graphicClass>
        </graphicData>
        <modExtensions>
            <li Class="SurvivalTools.SurvivalToolProperties">
                <baseWorkStatFactors>
                    <DiggingSpeed>1</DiggingSpeed>
                    <MiningYieldDigging>1</MiningYieldDigging>
                </baseWorkStatFactors>
                <defaultSurvivalToolAssignmentTags>
                    <li>Miner</li>
                </defaultSurvivalToolAssignmentTags>
            </li>
        </modExtensions>
        <tools>
            <li>
                <label>handle</label>
                <capacities>
                    <li>Poke</li>
                </capacities>
                <power>9</power>
                <cooldownTime>2</cooldownTime>
            </li>
            <li>
                <label>head</label>
                <labelUsedInLogging>false</labelUsedInLogging>
                <capacities>
                    <li>Stab</li>
                </capacities>
                <power>15.1</power>
                <cooldownTime>2.6</cooldownTime>
            </li>
        </tools>
    </ThingDef>
    <ThingDef ParentName="SurvivalToolBasic">
        <defName>SurvivalTools_Hammer</defName>
        <label>hammer</label>
        <description>A simple hammer that's a vital part of any constructor's arsenal of tools. This can also be used as a melee weapon in a pinch.</description>
        <costStuffCount>30</costStuffCount>
        <statBases>
            <Mass>0.5</Mass>
        </statBases>
        <graphicData>
            <texPath>Things/Item/Equipment/Tool/Hammer</texPath>
            <graphicClass>Graphic_Single</graphicClass>
        </graphicData>
        <modExtensions>
            <li Class="SurvivalTools.SurvivalToolProperties">
                <baseWorkStatFactors>
                    <ConstructionSpeed>1</ConstructionSpeed>
                </baseWorkStatFactors>
                <defaultSurvivalToolAssignmentTags>
                    <li>Constructor</li>
                </defaultSurvivalToolAssignmentTags>
            </li>
        </modExtensions>
        <tools>
            <li>
                <label>handle</label>
                <capacities>
                    <li>Blunt</li>
                </capacities>
                <power>9</power>
                <cooldownTime>2</cooldownTime>
            </li>
            <li>
                <label>head</label>
                <labelUsedInLogging>false</labelUsedInLogging>
                <capacities>
                    <li>Blunt</li>
                </capacities>
                <power>11.6</power>
                <cooldownTime>2</cooldownTime>
            </li>
        </tools>
    </ThingDef>
    <ThingDef ParentName="SurvivalToolBasic">
        <defName>SurvivalTools_Sickle</defName>
        <label>sickle</label>
        <description>A curved blade that's attached to a small handle which is typically used to cut plants. This can also be used as a melee weapon in a pinch.</description>
        <costStuffCount>30</costStuffCount>
        <statBases>
            <Mass>0.5</Mass>
        </statBases>
        <graphicData>
            <texPath>Things/Item/Equipment/Tool/Sickle</texPath>
            <graphicClass>Graphic_Single</graphicClass>
        </graphicData>
        <modExtensions>
            <li Class="SurvivalTools.SurvivalToolProperties">
                <baseWorkStatFactors>
                    <PlantHarvestingSpeed>1</PlantHarvestingSpeed>
                </baseWorkStatFactors>
                <defaultSurvivalToolAssignmentTags>
                    <li>PlantWorker</li>
                </defaultSurvivalToolAssignmentTags>
            </li>
        </modExtensions>
        <tools>
            <li>
                <label>handle</label>
                <capacities>
                    <li>Blunt</li>
                </capacities>
                <power>9</power>
                <cooldownTime>2</cooldownTime>
            </li>
            <li>
                <label>head</label>
                <labelUsedInLogging>false</labelUsedInLogging>
                <capacities>
                    <li>Cut</li>
                </capacities>
                <power>11.6</power>
                <cooldownTime>2</cooldownTime>
            </li>
        </tools>
    </ThingDef>
    <!-- Glitterworld Multitool -->
    <ThingDef ParentName="BaseSurvivalTool">
        <defName>SurvivalTools_Multitool</defName>
        <label>glitterworld multitool</label>
        <description>A high-tech set of tools commonly used by domestic mechanoids in glitterworld societies, though also usable by humanoids due to their physiological similarities.</description>
        <statBases>
            <MarketValue>800</MarketValue>
            <Flammability>0.7</Flammability>
            <Mass>1.8</Mass>
            <!-- Equivalent to excellent quality -->
            <ToolEffectivenessFactor>1.2</ToolEffectivenessFactor>
        </statBases>
        <equippedAngleOffset>-20</equippedAngleOffset>
        <techLevel>Ultra</techLevel>
        <thingCategories>
            <li>SurvivalToolsSpacer</li>
        </thingCategories>
        <graphicData>
            <texPath>Things/Item/Equipment/Tool/GlitterworldMultitool</texPath>
            <graphicClass>Graphic_Single</graphicClass>
        </graphicData>
        <modExtensions>
            <li Class="SurvivalTools.SurvivalToolProperties">
                <baseWorkStatFactors>
                    <TreeFellingSpeed>1.3</TreeFellingSpeed>
                    <DiggingSpeed>1.3</DiggingSpeed>
                    <MiningYieldDigging>1.1</MiningYieldDigging>
                    <ConstructionSpeed>1.3</ConstructionSpeed>
                    <PlantHarvestingSpeed>1.3</PlantHarvestingSpeed>
                </baseWorkStatFactors>
                <defaultSurvivalToolAssignmentTags>
                    <li>Constructor</li>
                    <li>Miner</li>
                    <li>PlantWorker</li>
                </defaultSurvivalToolAssignmentTags>
                <toolWearFactor>0.15</toolWearFactor>
            </li>
        </modExtensions>
        <tools>
            <li>
                <label>handle</label>
                <capacities>
                    <li>Poke</li>
                </capacities>
                <power>9</power>
                <cooldownTime>2</cooldownTime>
            </li>
            <li>
                <label>head</label>
                <labelUsedInLogging>false</labelUsedInLogging>
                <capacities>
                    <li>Stab</li>
                    <li>Cut</li>
                    <li>Blunt</li>
                </capacities>
                <power>14</power>
                <cooldownTime>2</cooldownTime>
            </li>
        </tools>
    </ThingDef>
</Defs>