<Defs>
    <ThingDef Name="SurvivalToolBasic" ParentName="BaseSurvivalTool" Abstract="True">
        <techLevel>Neolithic</techLevel>
        <statBases>
            <WorkToMake>1800</WorkToMake>
        </statBases>
        <stuffCategories>
            <li>Woody</li>
            <li>Stony</li>
            <li>Metallic</li>
        </stuffCategories>
        <smeltable>true</smeltable>
        <recipeMaker>
            <researchPrerequisite>Stonecutting</researchPrerequisite>
            <workSpeedStat>GeneralLaborSpeed</workSpeedStat>
            <workSkill>Crafting</workSkill>
            <effectWorking>Smith</effectWorking>
            <soundWorking>Recipe_Smith</soundWorking>
            <recipeUsers>
                <li>CraftingSpot</li>
                <li>ElectricSmithy</li>
                <li>FueledSmithy</li>
            </recipeUsers>
            <defaultIngredientFilter>
                <categories>
                    <li>Root</li>
                </categories>
                <disallowedThingDefs>
                    <li>Silver</li>
                    <li>Gold</li>
                </disallowedThingDefs>
            </defaultIngredientFilter>
            <unfinishedThingDef>UnfinishedWeapon</unfinishedThingDef>
        </recipeMaker>
        <thingCategories>
            <li>SurvivalToolsNeolithic</li>
        </thingCategories>
        <comps>
            <li>
                <compClass>CompQuality</compClass>
            </li>
        </comps>
    </ThingDef>

    <!-- =================================================== -->
    <!-- PRIMITIVE TIER TOOLS (Stonecutting Research)       -->
    <!-- Basic tools for early colony survival              -->
    <!-- =================================================== -->

    <ThingDef ParentName="SurvivalToolBasic">
        <defName>SurvivalTools_Axe</defName>
        <label>axe</label>
        <description>A fundamental forestry tool designed for efficient tree felling. Its weighted head delivers powerful cutting strikes, making it indispensable for colonists working with wood. The balance and leverage make it far superior to improvised cutting methods. Also serves as a reliable melee weapon when survival demands it.</description>
        <costStuffCount>40</costStuffCount>
        <statBases>
            <Mass>2.5</Mass>
        </statBases>
        <graphicData>
            <texPath>Things/Item/Equipment/Tool/Axe</texPath>
            <graphicClass>Graphic_Single</graphicClass>
        </graphicData>
        <modExtensions>
            <li Class="SurvivalTools.SurvivalToolProperties">
                <baseWorkStatFactors>
                    <TreeFellingSpeed>1</TreeFellingSpeed>
                </baseWorkStatFactors>
                <defaultSurvivalToolAssignmentTags>
                    <li>PlantWorker</li>
                </defaultSurvivalToolAssignmentTags>
            </li>
        </modExtensions>
        <tools>
            <li>
                <label>handle</label>
                <capacities>
                    <li>Poke</li>
                </capacities>
                <power>9</power>
                <cooldownTime>2</cooldownTime>
            </li>
            <!-- 83% of the club's DPS with the main tool -->
            <li>
                <label>head</label>
                <labelUsedInLogging>false</labelUsedInLogging>
                <capacities>
                    <li>Cut</li>
                </capacities>
                <power>15.1</power>
                <cooldownTime>2.6</cooldownTime>
            </li>
        </tools>
    </ThingDef>
    <ThingDef ParentName="SurvivalToolBasic">
        <defName>SurvivalTools_Pickaxe</defName>
        <label>pickaxe</label>
        <description>An essential mining implement featuring a heavy, pointed head mounted on a sturdy handle. Specifically engineered to break through solid rock and extract valuable materials efficiently. The concentrated force and leverage it provides are crucial for productive mining operations. Can double as an improvised weapon when circumstances require it.</description>
        <costStuffCount>40</costStuffCount>
        <statBases>
            <Mass>2.5</Mass>
        </statBases>
        <graphicData>
            <texPath>Things/Item/Equipment/Tool/Pickaxe</texPath>
            <graphicClass>Graphic_Single</graphicClass>
        </graphicData>
        <modExtensions>
            <li Class="SurvivalTools.SurvivalToolProperties">
                <baseWorkStatFactors>
                    <DiggingSpeed>1</DiggingSpeed>
                    <MiningYieldDigging>1</MiningYieldDigging>
                </baseWorkStatFactors>
                <defaultSurvivalToolAssignmentTags>
                    <li>Miner</li>
                </defaultSurvivalToolAssignmentTags>
            </li>
        </modExtensions>
        <tools>
            <li>
                <label>handle</label>
                <capacities>
                    <li>Poke</li>
                </capacities>
                <power>9</power>
                <cooldownTime>2</cooldownTime>
            </li>
            <li>
                <label>head</label>
                <labelUsedInLogging>false</labelUsedInLogging>
                <capacities>
                    <li>Stab</li>
                </capacities>
                <power>15.1</power>
                <cooldownTime>2.6</cooldownTime>
            </li>
        </tools>
    </ThingDef>
    <ThingDef ParentName="SurvivalToolBasic">
        <defName>SurvivalTools_Hammer</defName>
        <label>hammer</label>
        <description>The cornerstone tool of any construction project. This versatile hammer provides the precision and force needed for driving fasteners, shaping materials, and assembling structures. Essential for colonists engaged in building and maintenance work. Its balanced design ensures effective strikes while minimizing fatigue during extended construction tasks.</description>
        <costStuffCount>30</costStuffCount>
        <statBases>
            <Mass>0.5</Mass>
        </statBases>
        <graphicData>
            <texPath>Things/Item/Equipment/Tool/Hammer</texPath>
            <graphicClass>Graphic_Single</graphicClass>
        </graphicData>
        <modExtensions>
            <li Class="SurvivalTools.SurvivalToolProperties">
                <baseWorkStatFactors>
                    <ConstructionSpeed>1</ConstructionSpeed>
                </baseWorkStatFactors>
                <defaultSurvivalToolAssignmentTags>
                    <li>Constructor</li>
                </defaultSurvivalToolAssignmentTags>
            </li>
        </modExtensions>
        <tools>
            <li>
                <label>handle</label>
                <capacities>
                    <li>Blunt</li>
                </capacities>
                <power>9</power>
                <cooldownTime>2</cooldownTime>
            </li>
            <li>
                <label>head</label>
                <labelUsedInLogging>false</labelUsedInLogging>
                <capacities>
                    <li>Blunt</li>
                </capacities>
                <power>11.6</power>
                <cooldownTime>2</cooldownTime>
            </li>
        </tools>
    </ThingDef>
    <ThingDef ParentName="SurvivalToolBasic">
        <defName>SurvivalTools_Sickle</defName>
        <label>sickle</label>
        <description>A specialized agricultural tool featuring a curved cutting blade perfectly designed for harvesting crops and cutting plant matter. The ergonomic design allows for efficient, repetitive cutting motions while reducing strain on the user. Essential for productive farming operations and plant maintenance tasks.</description>
        <costStuffCount>30</costStuffCount>
        <statBases>
            <Mass>0.5</Mass>
        </statBases>
        <graphicData>
            <texPath>Things/Item/Equipment/Tool/Sickle</texPath>
            <graphicClass>Graphic_Single</graphicClass>
        </graphicData>
        <modExtensions>
            <li Class="SurvivalTools.SurvivalToolProperties">
                <baseWorkStatFactors>
                    <PlantHarvestingSpeed>1</PlantHarvestingSpeed>
                </baseWorkStatFactors>
                <defaultSurvivalToolAssignmentTags>
                    <li>PlantWorker</li>
                </defaultSurvivalToolAssignmentTags>
            </li>
        </modExtensions>
        <tools>
            <li>
                <label>handle</label>
                <capacities>
                    <li>Blunt</li>
                </capacities>
                <power>9</power>
                <cooldownTime>2</cooldownTime>
            </li>
            <li>
                <label>head</label>
                <labelUsedInLogging>false</labelUsedInLogging>
                <capacities>
                    <li>Cut</li>
                </capacities>
                <power>11.6</power>
                <cooldownTime>2</cooldownTime>
            </li>
        </tools>
    </ThingDef>
    <ThingDef ParentName="SurvivalToolBasic">
        <defName>SurvivalTools_Hoe</defName>
        <label>hoe</label>
        <description>A fundamental agricultural implement engineered for soil preparation and seed planting. The pointed design efficiently breaks through earth and creates optimal planting conditions. Indispensable for establishing productive farming operations and maintaining crop yields. Its sturdy construction ensures reliable performance season after season.</description>
        <costStuffCount>30</costStuffCount>
        <statBases>
            <Mass>1.0</Mass>
        </statBases>
        <graphicData>
            <texPath>Things/Item/Equipment/Tool/Hoe</texPath>
            <graphicClass>Graphic_Single</graphicClass>
        </graphicData>
        <modExtensions>
            <li Class="SurvivalTools.SurvivalToolProperties">
                <baseWorkStatFactors>
                    <SowingSpeed>1</SowingSpeed>
                </baseWorkStatFactors>
                <defaultSurvivalToolAssignmentTags>
                    <li>PlantWorker</li>
                </defaultSurvivalToolAssignmentTags>
            </li>
        </modExtensions>
        <tools>
            <li>
                <label>handle</label>
                <capacities>
                    <li>Blunt</li>
                </capacities>
                <power>8</power>
                <cooldownTime>2</cooldownTime>
            </li>
            <li>
                <label>blade</label>
                <labelUsedInLogging>false</labelUsedInLogging>
                <capacities>
                    <li>Cut</li>
                </capacities>
                <power>10</power>
                <cooldownTime>2.4</cooldownTime>
            </li>
        </tools>
    </ThingDef>
    <ThingDef ParentName="SurvivalToolBasic">
        <defName>SurvivalTools_Wrench</defName>
        <label>wrench</label>
        <description>A precision mechanical tool engineered for gripping, turning, and manipulating fasteners and mechanical components. Critical for maintenance operations, machinery repair, and construction projects requiring exact adjustments. The adjustable jaw design accommodates various sizes while providing optimal leverage and control.</description>
        <costStuffCount>35</costStuffCount>
        <statBases>
            <Mass>1.2</Mass>
        </statBases>
        <techLevel>Industrial</techLevel>
        <graphicData>
            <texPath>Things/Item/Equipment/Tool/Wrench</texPath>
            <graphicClass>Graphic_Single</graphicClass>
        </graphicData>
        <modExtensions>
            <li Class="SurvivalTools.SurvivalToolProperties">
                <baseWorkStatFactors>
                    <MaintenanceSpeed>1</MaintenanceSpeed>
                    <DeconstructionSpeed>1</DeconstructionSpeed>
                </baseWorkStatFactors>
                <defaultSurvivalToolAssignmentTags>
                    <li>Constructor</li>
                </defaultSurvivalToolAssignmentTags>
            </li>
        </modExtensions>
        <tools>
            <li>
                <label>handle</label>
                <capacities>
                    <li>Blunt</li>
                </capacities>
                <power>9</power>
                <cooldownTime>2</cooldownTime>
            </li>
            <li>
                <label>head</label>
                <labelUsedInLogging>false</labelUsedInLogging>
                <capacities>
                    <li>Blunt</li>
                </capacities>
                <power>12</power>
                <cooldownTime>2.2</cooldownTime>
            </li>
        </tools>
        <recipeMaker>
            <researchPrerequisite>Machining</researchPrerequisite>
            <workSpeedStat>GeneralLaborSpeed</workSpeedStat>
            <workSkill>Crafting</workSkill>
            <effectWorking>Smith</effectWorking>
            <soundWorking>Recipe_Smith</soundWorking>
            <recipeUsers>
                <li>ElectricSmithy</li>
                <li>FueledSmithy</li>
            </recipeUsers>
            <skillRequirements>
                <Crafting>4</Crafting>
            </skillRequirements>
            <defaultIngredientFilter>
                <categories>
                    <li>Root</li>
                </categories>
                <disallowedThingDefs>
                    <li>Silver</li>
                    <li>Gold</li>
                </disallowedThingDefs>
            </defaultIngredientFilter>
            <unfinishedThingDef>UnfinishedWeapon</unfinishedThingDef>
        </recipeMaker>
        <thingCategories>
            <li>SurvivalToolsIndustrial</li>
        </thingCategories>
    </ThingDef>
    <ThingDef ParentName="SurvivalToolBasic">
        <defName>SurvivalTools_PrimitiveLever</defName>
        <label>pry bar</label>
        <description>A primitive but effective leverage tool crafted from durable materials. Essential for dismantling structures, prying apart materials, and performing basic mechanical operations. Represents the ingenuity of early civilizations in developing practical solutions for construction and deconstruction tasks without advanced technology.</description>
        <costStuffCount>25</costStuffCount>
        <statBases>
            <Mass>1.8</Mass>
        </statBases>
        <techLevel>Neolithic</techLevel>
        <graphicData>
            <texPath>Things/Item/Equipment/Tool/PryBar</texPath>
            <graphicClass>Graphic_Single</graphicClass>
        </graphicData>
        <modExtensions>
            <li Class="SurvivalTools.SurvivalToolProperties">
                <baseWorkStatFactors>
                    <MaintenanceSpeed>0.6</MaintenanceSpeed>
                    <DeconstructionSpeed>0.8</DeconstructionSpeed>
                </baseWorkStatFactors>
                <defaultSurvivalToolAssignmentTags>
                    <li>Constructor</li>
                </defaultSurvivalToolAssignmentTags>
            </li>
        </modExtensions>
        <tools>
            <li>
                <label>handle</label>
                <capacities>
                    <li>Blunt</li>
                </capacities>
                <power>8</power>
                <cooldownTime>2</cooldownTime>
            </li>
            <li>
                <label>tip</label>
                <labelUsedInLogging>false</labelUsedInLogging>
                <capacities>
                    <li>Stab</li>
                </capacities>
                <power>10</power>
                <cooldownTime>2.4</cooldownTime>
            </li>
        </tools>
    </ThingDef>
    <ThingDef ParentName="BaseSurvivalTool">
        <defName>SurvivalTools_Abacus</defName>
        <label>abacus</label>
        <description>An ancient calculating instrument featuring movable beads arranged on rods for performing arithmetic operations. Essential for organizing research data, managing complex calculations, and maintaining accurate records in societies without advanced computational devices. Represents the foundation of mathematical thinking and data organization.</description>
        <costStuffCount>20</costStuffCount>
        <stuffCategories>
            <li>Woody</li>
            <li>Stony</li>
        </stuffCategories>
        <statBases>
            <Mass>0.8</Mass>
            <WorkToMake>1800</WorkToMake>
        </statBases>
        <techLevel>Neolithic</techLevel>
        <graphicData>
            <texPath>Things/Item/Equipment/Tool/Abacus</texPath>
            <graphicClass>Graphic_Single</graphicClass>
        </graphicData>
        <modExtensions>
            <li Class="SurvivalTools.SurvivalToolProperties">
                <baseWorkStatFactors>
                    <ResearchSpeed>0.7</ResearchSpeed>
                </baseWorkStatFactors>
                <defaultSurvivalToolAssignmentTags>
                    <li>Researcher</li>
                </defaultSurvivalToolAssignmentTags>
            </li>
        </modExtensions>
        <tools>
            <li>
                <label>frame</label>
                <capacities>
                    <li>Blunt</li>
                </capacities>
                <power>6</power>
                <cooldownTime>2.5</cooldownTime>
            </li>
        </tools>
        <recipeMaker>
            <researchPrerequisite>Stonecutting</researchPrerequisite>
            <workSpeedStat>GeneralLaborSpeed</workSpeedStat>
            <workSkill>Crafting</workSkill>
            <effectWorking>Smith</effectWorking>
            <soundWorking>Recipe_Smith</soundWorking>
            <recipeUsers>
                <li>CraftingSpot</li>
                <li>ElectricSmithy</li>
                <li>FueledSmithy</li>
            </recipeUsers>
            <skillRequirements>
                <Crafting>2</Crafting>
            </skillRequirements>
        </recipeMaker>
        <thingCategories>
            <li>SurvivalToolsNeolithic</li>
        </thingCategories>
        <comps>
            <li>
                <compClass>CompQuality</compClass>
            </li>
        </comps>
    </ThingDef>
    <ThingDef ParentName="SurvivalToolBasic">
        <defName>SurvivalTools_Microscope</defName>
        <label>microscope</label>
        <description>A precision optical instrument that magnifies small objects and specimens for detailed examination. Essential for advanced research, biological studies, and scientific analysis.</description>
        <costStuffCount>50</costStuffCount>
        <statBases>
            <Mass>2.5</Mass>
        </statBases>
        <techLevel>Industrial</techLevel>
        <graphicData>
            <texPath>Things/Item/Equipment/Tool/Microscope</texPath>
            <graphicClass>Graphic_Single</graphicClass>
        </graphicData>
        <modExtensions>
            <li Class="SurvivalTools.SurvivalToolProperties">
                <baseWorkStatFactors>
                    <ResearchSpeed>1.4</ResearchSpeed>
                </baseWorkStatFactors>
                <defaultSurvivalToolAssignmentTags>
                    <li>Researcher</li>
                </defaultSurvivalToolAssignmentTags>
            </li>
        </modExtensions>
        <tools>
            <li>
                <label>base</label>
                <capacities>
                    <li>Blunt</li>
                </capacities>
                <power>8</power>
                <cooldownTime>3</cooldownTime>
            </li>
            <li>
                <label>lens assembly</label>
                <labelUsedInLogging>false</labelUsedInLogging>
                <capacities>
                    <li>Stab</li>
                </capacities>
                <power>6</power>
                <cooldownTime>2.8</cooldownTime>
            </li>
        </tools>
        <recipeMaker>
            <researchPrerequisite>Machining</researchPrerequisite>
            <workSpeedStat>GeneralLaborSpeed</workSpeedStat>
            <workSkill>Crafting</workSkill>
            <effectWorking>Smith</effectWorking>
            <soundWorking>Recipe_Smith</soundWorking>
            <recipeUsers>
                <li>ElectricSmithy</li>
                <li>FueledSmithy</li>
            </recipeUsers>
            <skillRequirements>
                <Crafting>6</Crafting>
            </skillRequirements>
            <defaultIngredientFilter>
                <categories>
                    <li>Root</li>
                </categories>
                <disallowedThingDefs>
                    <li>Silver</li>
                    <li>Gold</li>
                </disallowedThingDefs>
            </defaultIngredientFilter>
            <unfinishedThingDef>UnfinishedWeapon</unfinishedThingDef>
        </recipeMaker>
        <thingCategories>
            <li>SurvivalToolsIndustrial</li>
        </thingCategories>
    </ThingDef>

    <!-- Regular Steel Tools -->

    <!-- =================================================== -->
    <!-- INDUSTRIAL TIER TOOLS (Smithing Research)          -->
    <!-- Advanced steel tools for established colonies      -->
    <!-- =================================================== -->

    <ThingDef ParentName="SurvivalToolBasic">
        <defName>SurvivalTools_SteelKnife</defName>
        <label>steel knife</label>
        <description>A precision-forged steel knife with superior edge retention and durability. The high-carbon steel blade maintains its sharpness through extensive use, making it ideal for demanding butchery and medical work. The ergonomic handle provides excellent control for delicate operations.</description>
        <costStuffCount>30</costStuffCount>
        <statBases>
            <Mass>0.4</Mass>
        </statBases>
        <techLevel>Industrial</techLevel>
        <graphicData>
            <texPath>Things/Item/Equipment/Tool/SteelKnife</texPath>
            <graphicClass>Graphic_Single</graphicClass>
        </graphicData>
        <modExtensions>
            <li Class="SurvivalTools.SurvivalToolProperties">
                <baseWorkStatFactors>
                    <ButcheryFleshSpeed>1.2</ButcheryFleshSpeed>
                    <ButcheryFleshEfficiency>1.1</ButcheryFleshEfficiency>
                    <MedicalOperationSpeed>1.1</MedicalOperationSpeed>
                    <MedicalSurgerySuccessChance>1.05</MedicalSurgerySuccessChance>
                </baseWorkStatFactors>
                <defaultSurvivalToolAssignmentTags>
                    <li>Butcher</li>
                    <li>Medical</li>
                </defaultSurvivalToolAssignmentTags>
            </li>
        </modExtensions>
        <tools>
            <li>
                <label>handle</label>
                <capacities>
                    <li>Blunt</li>
                </capacities>
                <power>8</power>
                <cooldownTime>1.7</cooldownTime>
            </li>
            <li>
                <label>blade</label>
                <labelUsedInLogging>false</labelUsedInLogging>
                <capacities>
                    <li>Cut</li>
                    <li>Stab</li>
                </capacities>
                <power>14</power>
                <cooldownTime>1.5</cooldownTime>
            </li>
        </tools>
        <recipeMaker>
            <researchPrerequisite>Smithing</researchPrerequisite>
            <workSpeedStat>GeneralLaborSpeed</workSpeedStat>
            <workSkill>Crafting</workSkill>
            <effectWorking>Smith</effectWorking>
            <soundWorking>Recipe_Smith</soundWorking>
            <recipeUsers>
                <li>ElectricSmithy</li>
                <li>FueledSmithy</li>
            </recipeUsers>
            <skillRequirements>
                <Crafting>3</Crafting>
            </skillRequirements>
            <defaultIngredientFilter>
                <categories>
                    <li>Root</li>
                </categories>
                <disallowedThingDefs>
                    <li>Silver</li>
                    <li>Gold</li>
                </disallowedThingDefs>
            </defaultIngredientFilter>
            <unfinishedThingDef>UnfinishedWeapon</unfinishedThingDef>
        </recipeMaker>
        <thingCategories>
            <li>SurvivalToolsIndustrial</li>
        </thingCategories>
    </ThingDef>

    <ThingDef ParentName="SurvivalToolBasic">
        <defName>SurvivalTools_CrosscutSaw</defName>
        <label>crosscut saw</label>
        <description>A precision industrial saw designed for efficient lumber processing and construction work. The specially designed teeth and reinforced steel construction allow for clean, accurate cuts through various materials. Essential for large-scale construction projects and advanced woodworking operations.</description>
        <costStuffCount>45</costStuffCount>
        <statBases>
            <Mass>1.5</Mass>
        </statBases>
        <techLevel>Industrial</techLevel>
        <graphicData>
            <texPath>Things/Item/Equipment/Tool/CrosscutSaw</texPath>
            <graphicClass>Graphic_Single</graphicClass>
        </graphicData>
        <modExtensions>
            <li Class="SurvivalTools.SurvivalToolProperties">
                <baseWorkStatFactors>
                    <ConstructionSpeed>1.2</ConstructionSpeed>
                    <DeconstructionSpeed>1.3</DeconstructionSpeed>
                    <TreeFellingSpeed>1.1</TreeFellingSpeed>
                </baseWorkStatFactors>
                <defaultSurvivalToolAssignmentTags>
                    <li>Constructor</li>
                    <li>PlantWorker</li>
                </defaultSurvivalToolAssignmentTags>
            </li>
        </modExtensions>
        <tools>
            <li>
                <label>handle</label>
                <capacities>
                    <li>Blunt</li>
                </capacities>
                <power>10</power>
                <cooldownTime>2.5</cooldownTime>
            </li>
            <li>
                <label>blade</label>
                <labelUsedInLogging>false</labelUsedInLogging>
                <capacities>
                    <li>Cut</li>
                </capacities>
                <power>13</power>
                <cooldownTime>2.8</cooldownTime>
            </li>
        </tools>
        <recipeMaker>
            <researchPrerequisite>Smithing</researchPrerequisite>
            <workSpeedStat>GeneralLaborSpeed</workSpeedStat>
            <workSkill>Crafting</workSkill>
            <effectWorking>Smith</effectWorking>
            <soundWorking>Recipe_Smith</soundWorking>
            <recipeUsers>
                <li>ElectricSmithy</li>
                <li>FueledSmithy</li>
            </recipeUsers>
            <skillRequirements>
                <Crafting>4</Crafting>
            </skillRequirements>
            <defaultIngredientFilter>
                <categories>
                    <li>Root</li>
                </categories>
                <disallowedThingDefs>
                    <li>Silver</li>
                    <li>Gold</li>
                </disallowedThingDefs>
            </defaultIngredientFilter>
            <unfinishedThingDef>UnfinishedWeapon</unfinishedThingDef>
        </recipeMaker>
        <thingCategories>
            <li>SurvivalToolsIndustrial</li>
        </thingCategories>
    </ThingDef>

    <!-- Advanced Industrial Tools -->

    <!-- =================================================== -->
    <!-- PRECISION TIER TOOLS (Machining Research)          -->
    <!-- High-tech precision tools for advanced operations  -->
    <!-- =================================================== -->

    <ThingDef ParentName="SurvivalToolBasic">
        <defName>SurvivalTools_CarbidePick</defName>
        <label>carbide pickaxe</label>
        <description>An advanced mining implement featuring carbide-tipped edges that maintain their sharpness through the most demanding excavation work. The precision-engineered head cuts through rock more efficiently than standard tools, while the reinforced construction ensures exceptional durability in harsh mining conditions.</description>
        <costStuffCount>50</costStuffCount>
        <statBases>
            <Mass>3.0</Mass>
        </statBases>
        <techLevel>Industrial</techLevel>
        <graphicData>
            <texPath>Things/Item/Equipment/Tool/CarbidePick</texPath>
            <graphicClass>Graphic_Single</graphicClass>
        </graphicData>
        <modExtensions>
            <li Class="SurvivalTools.SurvivalToolProperties">
                <baseWorkStatFactors>
                    <DiggingSpeed>1.3</DiggingSpeed>
                    <MiningYieldDigging>1.2</MiningYieldDigging>
                </baseWorkStatFactors>
                <defaultSurvivalToolAssignmentTags>
                    <li>Miner</li>
                </defaultSurvivalToolAssignmentTags>
                <toolWearFactor>0.7</toolWearFactor>
            </li>
        </modExtensions>
        <tools>
            <li>
                <label>handle</label>
                <capacities>
                    <li>Poke</li>
                </capacities>
                <power>11</power>
                <cooldownTime>2.1</cooldownTime>
            </li>
            <li>
                <label>head</label>
                <labelUsedInLogging>false</labelUsedInLogging>
                <capacities>
                    <li>Stab</li>
                </capacities>
                <power>17</power>
                <cooldownTime>2.7</cooldownTime>
            </li>
        </tools>
        <recipeMaker>
            <researchPrerequisite>Machining</researchPrerequisite>
            <workSpeedStat>GeneralLaborSpeed</workSpeedStat>
            <workSkill>Crafting</workSkill>
            <effectWorking>Smith</effectWorking>
            <soundWorking>Recipe_Smith</soundWorking>
            <recipeUsers>
                <li>ElectricSmithy</li>
                <li>FueledSmithy</li>
            </recipeUsers>
            <skillRequirements>
                <Crafting>6</Crafting>
            </skillRequirements>
            <defaultIngredientFilter>
                <categories>
                    <li>Root</li>
                </categories>
                <disallowedThingDefs>
                    <li>Silver</li>
                    <li>Gold</li>
                </disallowedThingDefs>
            </defaultIngredientFilter>
            <unfinishedThingDef>UnfinishedWeapon</unfinishedThingDef>
        </recipeMaker>
        <thingCategories>
            <li>SurvivalToolsIndustrial</li>
        </thingCategories>
    </ThingDef>

    <ThingDef ParentName="SurvivalToolBasic">
        <defName>SurvivalTools_PrecisionScalpel</defName>
        <label>precision scalpel</label>
        <description>An ultra-sharp surgical instrument crafted from the finest steel alloys. The carefully balanced blade maintains its edge through repeated sterilization and use, while the ergonomic handle ensures precise control during delicate medical procedures. Standard equipment in advanced medical facilities.</description>
        <costStuffCount>25</costStuffCount>
        <statBases>
            <Mass>0.2</Mass>
        </statBases>
        <techLevel>Industrial</techLevel>
        <graphicData>
            <texPath>Things/Item/Equipment/Tool/PrecisionScalpel</texPath>
            <graphicClass>Graphic_Single</graphicClass>
        </graphicData>
        <modExtensions>
            <li Class="SurvivalTools.SurvivalToolProperties">
                <baseWorkStatFactors>
                    <MedicalOperationSpeed>1.4</MedicalOperationSpeed>
                    <MedicalSurgerySuccessChance>1.15</MedicalSurgerySuccessChance>
                    <MedicalTendQuality>1.1</MedicalTendQuality>
                </baseWorkStatFactors>
                <defaultSurvivalToolAssignmentTags>
                    <li>Medical</li>
                </defaultSurvivalToolAssignmentTags>
                <toolWearFactor>0.8</toolWearFactor>
            </li>
        </modExtensions>
        <tools>
            <li>
                <label>handle</label>
                <capacities>
                    <li>Blunt</li>
                </capacities>
                <power>6</power>
                <cooldownTime>1.2</cooldownTime>
            </li>
            <li>
                <label>blade</label>
                <labelUsedInLogging>false</labelUsedInLogging>
                <capacities>
                    <li>Cut</li>
                    <li>Stab</li>
                </capacities>
                <power>12</power>
                <cooldownTime>1.0</cooldownTime>
            </li>
        </tools>
        <recipeMaker>
            <researchPrerequisite>Machining</researchPrerequisite>
            <workSpeedStat>GeneralLaborSpeed</workSpeedStat>
            <workSkill>Crafting</workSkill>
            <effectWorking>Smith</effectWorking>
            <soundWorking>Recipe_Smith</soundWorking>
            <recipeUsers>
                <li>ElectricSmithy</li>
                <li>FueledSmithy</li>
            </recipeUsers>
            <skillRequirements>
                <Crafting>8</Crafting>
            </skillRequirements>
            <defaultIngredientFilter>
                <categories>
                    <li>Root</li>
                </categories>
                <disallowedThingDefs>
                    <li>Silver</li>
                    <li>Gold</li>
                </disallowedThingDefs>
            </defaultIngredientFilter>
            <unfinishedThingDef>UnfinishedWeapon</unfinishedThingDef>
        </recipeMaker>
        <thingCategories>
            <li>SurvivalToolsIndustrial</li>
        </thingCategories>
    </ThingDef>

    <ThingDef ParentName="SurvivalToolBasic">
        <defName>SurvivalTools_PowerDrill</defName>
        <label>power drill</label>
        <description>A mechanized drilling tool powered by an internal motor, capable of boring through tough materials with precision and speed. The variable-speed motor and interchangeable bits make it invaluable for construction and mechanical work. Requires periodic maintenance to keep the motor running smoothly.</description>
        <costStuffCount>75</costStuffCount>
        <costList>
            <ComponentIndustrial>2</ComponentIndustrial>
        </costList>
        <statBases>
            <Mass>2.5</Mass>
        </statBases>
        <techLevel>Industrial</techLevel>
        <graphicData>
            <texPath>Things/Item/Equipment/Tool/PowerDrill</texPath>
            <graphicClass>Graphic_Single</graphicClass>
        </graphicData>
        <modExtensions>
            <li Class="SurvivalTools.SurvivalToolProperties">
                <baseWorkStatFactors>
                    <ConstructionSpeed>1.3</ConstructionSpeed>
                    <FixBrokenDownBuildingSpeed>1.4</FixBrokenDownBuildingSpeed>
                    <DiggingSpeed>1.2</DiggingSpeed>
                </baseWorkStatFactors>
                <defaultSurvivalToolAssignmentTags>
                    <li>Constructor</li>
                    <li>Miner</li>
                </defaultSurvivalToolAssignmentTags>
                <toolWearFactor>0.9</toolWearFactor>
            </li>
        </modExtensions>
        <tools>
            <li>
                <label>body</label>
                <capacities>
                    <li>Blunt</li>
                </capacities>
                <power>12</power>
                <cooldownTime>2.0</cooldownTime>
            </li>
            <li>
                <label>drill bit</label>
                <labelUsedInLogging>false</labelUsedInLogging>
                <capacities>
                    <li>Stab</li>
                </capacities>
                <power>15</power>
                <cooldownTime>1.8</cooldownTime>
            </li>
        </tools>
        <recipeMaker>
            <researchPrerequisite>Machining</researchPrerequisite>
            <workSpeedStat>GeneralLaborSpeed</workSpeedStat>
            <workSkill>Crafting</workSkill>
            <effectWorking>Smith</effectWorking>
            <soundWorking>Recipe_Machining</soundWorking>
            <recipeUsers>
                <li>FabricationBench</li>
            </recipeUsers>
            <skillRequirements>
                <Crafting>7</Crafting>
            </skillRequirements>
            <defaultIngredientFilter>
                <categories>
                    <li>Root</li>
                </categories>
                <disallowedThingDefs>
                    <li>Silver</li>
                    <li>Gold</li>
                </disallowedThingDefs>
            </defaultIngredientFilter>
            <unfinishedThingDef>UnfinishedComponent</unfinishedThingDef>
        </recipeMaker>
        <thingCategories>
            <li>SurvivalToolsIndustrial</li>
        </thingCategories>
    </ThingDef>

    <!-- =================================================== -->
    <!-- SPACER TIER TOOLS (Advanced Fabrication Research)  -->
    <!-- Glitterworld technology for ultimate efficiency    -->
    <!-- =================================================== -->

    <!-- Glitterworld Multitool -->
    <ThingDef ParentName="BaseSurvivalTool">
        <defName>SurvivalTools_Multitool</defName>
        <label>glitterworld multitool</label>
        <description>A high-tech universal tool commonly used by domestic mechanoids in glitterworld societies. This advanced device can seamlessly adapt to any task - construction, mining, forestry, maintenance, and deconstruction - making it the ultimate all-in-one survival tool. Though designed for mechanoids, it's perfectly usable by humanoids due to physiological similarities.</description>
        <statBases>
            <MarketValue>800</MarketValue>
            <Flammability>0.7</Flammability>
            <Mass>1.8</Mass>
            <!-- Equivalent to excellent quality -->
            <ToolEffectivenessFactor>1.2</ToolEffectivenessFactor>
        </statBases>
        <equippedAngleOffset>-20</equippedAngleOffset>
        <techLevel>Ultra</techLevel>
        <thingCategories>
            <li>SurvivalToolsSpacer</li>
        </thingCategories>
        <graphicData>
            <texPath>Things/Item/Equipment/Tool/GlitterworldMultitool</texPath>
            <graphicClass>Graphic_Single</graphicClass>
        </graphicData>
        <modExtensions>
            <li Class="SurvivalTools.SurvivalToolProperties">
                <baseWorkStatFactors>
                    <!-- Forestry & Plant Work -->
                    <TreeFellingSpeed>1.3</TreeFellingSpeed>
                    <PlantHarvestingSpeed>1.3</PlantHarvestingSpeed>
                    <SowingSpeed>1.3</SowingSpeed>
                    <!-- Mining & Excavation -->
                    <DiggingSpeed>1.3</DiggingSpeed>
                    <MiningYieldDigging>1.1</MiningYieldDigging>
                    <!-- Construction & Building -->
                    <ConstructionSpeed>1.3</ConstructionSpeed>
                    <!-- Maintenance & Repair -->
                    <MaintenanceSpeed>1.4</MaintenanceSpeed>
                    <DeconstructionSpeed>1.3</DeconstructionSpeed>
                    <!-- Research & Analysis -->
                    <ResearchSpeed>1.5</ResearchSpeed>
                    <!-- Extended stats (only if other mods provide tools for these) -->
                    <CleaningSpeed>1.4</CleaningSpeed>
                    <MedicalOperationSpeed>1.3</MedicalOperationSpeed>
                    <MedicalSurgerySuccessChance>1.1</MedicalSurgerySuccessChance>
                    <ButcheryFleshSpeed>1.3</ButcheryFleshSpeed>
                    <ButcheryFleshEfficiency>1.1</ButcheryFleshEfficiency>
                </baseWorkStatFactors>
                <defaultSurvivalToolAssignmentTags>
                    <li>Constructor</li>
                    <li>Miner</li>
                    <li>PlantWorker</li>
                    <li>Researcher</li>
                    <!-- Extended tags (only if other mods provide tools for these) -->
                    <li>Cleaner</li>
                    <li>Medical</li>
                    <li>Butcher</li>
                </defaultSurvivalToolAssignmentTags>
                <toolWearFactor>0.15</toolWearFactor>
            </li>
        </modExtensions>
        <tools>
            <li>
                <label>handle</label>
                <capacities>
                    <li>Poke</li>
                </capacities>
                <power>9</power>
                <cooldownTime>2</cooldownTime>
            </li>
            <li>
                <label>head</label>
                <labelUsedInLogging>false</labelUsedInLogging>
                <capacities>
                    <li>Stab</li>
                    <li>Cut</li>
                    <li>Blunt</li>
                </capacities>
                <power>14</power>
                <cooldownTime>2</cooldownTime>
            </li>
        </tools>
    </ThingDef>

    <!-- Missing Primitive Tools -->
    <ThingDef ParentName="SurvivalToolBasic">
        <defName>SurvivalTools_Knife</defName>
        <label>knife</label>
        <description>A versatile cutting implement with a sharp blade essential for precise work. Perfect for butchery operations, medical procedures, and general cutting tasks. The balanced design allows for controlled, accurate cuts while the keen edge ensures clean work. An indispensable tool for any serious colonist.</description>
        <costStuffCount>25</costStuffCount>
        <statBases>
            <Mass>0.3</Mass>
        </statBases>
        <graphicData>
            <texPath>Things/Item/Equipment/Tool/Knife</texPath>
            <graphicClass>Graphic_Single</graphicClass>
        </graphicData>
        <modExtensions>
            <li Class="SurvivalTools.SurvivalToolProperties">
                <baseWorkStatFactors>
                    <ButcheryFleshSpeed>1</ButcheryFleshSpeed>
                    <ButcheryFleshEfficiency>1</ButcheryFleshEfficiency>
                    <MedicalOperationSpeed>1</MedicalOperationSpeed>
                </baseWorkStatFactors>
                <defaultSurvivalToolAssignmentTags>
                    <li>Butcher</li>
                    <li>Medical</li>
                </defaultSurvivalToolAssignmentTags>
            </li>
        </modExtensions>
        <tools>
            <li>
                <label>handle</label>
                <capacities>
                    <li>Blunt</li>
                </capacities>
                <power>7</power>
                <cooldownTime>1.8</cooldownTime>
            </li>
            <li>
                <label>blade</label>
                <labelUsedInLogging>false</labelUsedInLogging>
                <capacities>
                    <li>Cut</li>
                    <li>Stab</li>
                </capacities>
                <power>12</power>
                <cooldownTime>1.6</cooldownTime>
            </li>
        </tools>
    </ThingDef>

    <ThingDef ParentName="SurvivalToolBasic">
        <defName>SurvivalTools_HandSaw</defName>
        <label>hand saw</label>
        <description>A traditional woodworking tool featuring a metal blade with precisely cut teeth designed for manual lumber processing. Essential for construction projects requiring custom-cut timber and detailed woodwork. The steady rhythm of hand-sawing may take longer than power tools, but provides excellent control and precision.</description>
        <costStuffCount>35</costStuffCount>
        <statBases>
            <Mass>1.0</Mass>
        </statBases>
        <graphicData>
            <texPath>Things/Item/Equipment/Tool/HandSaw</texPath>
            <graphicClass>Graphic_Single</graphicClass>
        </graphicData>
        <modExtensions>
            <li Class="SurvivalTools.SurvivalToolProperties">
                <baseWorkStatFactors>
                    <ConstructionSpeed>1</ConstructionSpeed>
                    <DeconstructionSpeed>1</DeconstructionSpeed>
                </baseWorkStatFactors>
                <defaultSurvivalToolAssignmentTags>
                    <li>Constructor</li>
                </defaultSurvivalToolAssignmentTags>
            </li>
        </modExtensions>
        <tools>
            <li>
                <label>handle</label>
                <capacities>
                    <li>Blunt</li>
                </capacities>
                <power>8</power>
                <cooldownTime>2.2</cooldownTime>
            </li>
            <li>
                <label>blade</label>
                <labelUsedInLogging>false</labelUsedInLogging>
                <capacities>
                    <li>Cut</li>
                </capacities>
                <power>10</power>
                <cooldownTime>2.4</cooldownTime>
            </li>
        </tools>
    </ThingDef>

    <ThingDef ParentName="SurvivalToolBasic">
        <defName>SurvivalTools_BoneSickle</defName>
        <label>bone sickle</label>
        <description>A primitive harvesting tool crafted from carved bone with a sharpened edge. While not as durable as metal variants, this traditional implement serves admirably for crop harvesting and plant cutting. The curved design follows ancient patterns proven effective across countless generations of agricultural work.</description>
        <costStuffCount>20</costStuffCount>
        <statBases>
            <Mass>0.4</Mass>
        </statBases>
        <graphicData>
            <texPath>Things/Item/Equipment/Tool/BoneSickle</texPath>
            <graphicClass>Graphic_Single</graphicClass>
        </graphicData>
        <modExtensions>
            <li Class="SurvivalTools.SurvivalToolProperties">
                <baseWorkStatFactors>
                    <PlantHarvestingSpeed>0.8</PlantHarvestingSpeed>
                </baseWorkStatFactors>
                <defaultSurvivalToolAssignmentTags>
                    <li>PlantWorker</li>
                </defaultSurvivalToolAssignmentTags>
                <toolWearFactor>1.3</toolWearFactor>
            </li>
        </modExtensions>
        <tools>
            <li>
                <label>handle</label>
                <capacities>
                    <li>Blunt</li>
                </capacities>
                <power>6</power>
                <cooldownTime>2.1</cooldownTime>
            </li>
            <li>
                <label>blade</label>
                <labelUsedInLogging>false</labelUsedInLogging>
                <capacities>
                    <li>Cut</li>
                </capacities>
                <power>8</power>
                <cooldownTime>2.3</cooldownTime>
            </li>
        </tools>
    </ThingDef>

</Defs>