<Patch>
  <Operation Class="PatchOperationFindMod">
    <mods>
      <li>Expanded Woodworking</li>
    </mods>
    <match Class="PatchOperationSequence">
      <success>Always</success>
      <operations>
        <!-- Processed birch lumber... -->
        <li Class="PatchOperationAddModExtension">
          <xpath>Defs/ThingDef[defName="LumberBirch"]</xpath>
          <value>
            <li Class="SurvivalTools.StuffPropsTool">
              <toolStatFactors>
                <TreeFellingSpeed>0.55</TreeFellingSpeed>
                <PlantHarvestingSpeed>0.55</PlantHarvestingSpeed>
                <DiggingSpeed>0.55</DiggingSpeed>
                <MiningYieldDigging>0.75</MiningYieldDigging>
                <ConstructionSpeed>0.55</ConstructionSpeed>
              </toolStatFactors>
            </li>
          </value>
        </li>
        <!-- Processed black palm lumber... -->
        <li Class="PatchOperationAddModExtension">
          <xpath>Defs/ThingDef[defName="LumberPalm"]</xpath>
          <value>
            <li Class="SurvivalTools.StuffPropsTool">
              <toolStatFactors>
                <TreeFellingSpeed>0.6</TreeFellingSpeed>
                <PlantHarvestingSpeed>0.6</PlantHarvestingSpeed>
                <DiggingSpeed>0.6</DiggingSpeed>
                <MiningYieldDigging>0.8</MiningYieldDigging>
                <ConstructionSpeed>0.6</ConstructionSpeed>
              </toolStatFactors>
            </li>
          </value>
        </li>
        <!-- Processed cecropia lumber... -->
        <li Class="PatchOperationAddModExtension">
          <xpath>Defs/ThingDef[defName="LumberCecropia"]</xpath>
          <value>
            <li Class="SurvivalTools.StuffPropsTool">
              <toolStatFactors>
                <TreeFellingSpeed>0.55</TreeFellingSpeed>
                <PlantHarvestingSpeed>0.55</PlantHarvestingSpeed>
                <DiggingSpeed>0.55</DiggingSpeed>
                <MiningYieldDigging>0.8</MiningYieldDigging>
                <ConstructionSpeed>0.55</ConstructionSpeed>
              </toolStatFactors>
            </li>
          </value>
        </li>
        <!-- Processed cocoawood lumber... -->
        <li Class="PatchOperationAddModExtension">
          <xpath>Defs/ThingDef[defName="LumberCocoa"]</xpath>
          <value>
            <li Class="SurvivalTools.StuffPropsTool">
              <toolStatFactors>
                <TreeFellingSpeed>0.6</TreeFellingSpeed>
                <PlantHarvestingSpeed>0.6</PlantHarvestingSpeed>
                <DiggingSpeed>0.6</DiggingSpeed>
                <MiningYieldDigging>0.8</MiningYieldDigging>
                <ConstructionSpeed>0.6</ConstructionSpeed>
              </toolStatFactors>
            </li>
          </value>
        </li>
        <!-- Processed cypress lumber... -->
        <li Class="PatchOperationAddModExtension">
          <xpath>Defs/ThingDef[defName="LumberCypress"]</xpath>
          <value>
            <li Class="SurvivalTools.StuffPropsTool">
              <toolStatFactors>
                <TreeFellingSpeed>0.6</TreeFellingSpeed>
                <PlantHarvestingSpeed>0.6</PlantHarvestingSpeed>
                <DiggingSpeed>0.6</DiggingSpeed>
                <MiningYieldDigging>0.8</MiningYieldDigging>
                <ConstructionSpeed>0.6</ConstructionSpeed>
              </toolStatFactors>
            </li>
          </value>
        </li>
        <!-- Processed drago lumber... -->
        <li Class="PatchOperationAddModExtension">
          <xpath>Defs/ThingDef[defName="LumberDrago"]</xpath>
          <value>
            <li Class="SurvivalTools.StuffPropsTool">
              <toolStatFactors>
                <TreeFellingSpeed>0.6</TreeFellingSpeed>
                <PlantHarvestingSpeed>0.6</PlantHarvestingSpeed>
                <DiggingSpeed>0.6</DiggingSpeed>
                <MiningYieldDigging>0.8</MiningYieldDigging>
                <ConstructionSpeed>0.6</ConstructionSpeed>
              </toolStatFactors>
            </li>
          </value>
        </li>
        <!-- Processed maple lumber... -->
        <li Class="PatchOperationAddModExtension">
          <xpath>Defs/ThingDef[defName="LumberMaple"]</xpath>
          <value>
            <li Class="SurvivalTools.StuffPropsTool">
              <toolStatFactors>
                <TreeFellingSpeed>0.55</TreeFellingSpeed>
                <PlantHarvestingSpeed>0.55</PlantHarvestingSpeed>
                <DiggingSpeed>0.55</DiggingSpeed>
                <MiningYieldDigging>0.8</MiningYieldDigging>
                <ConstructionSpeed>0.55</ConstructionSpeed>
              </toolStatFactors>
            </li>
          </value>
        </li>
        <!-- Processed oak lumber... -->
        <li Class="PatchOperationAddModExtension">
          <xpath>Defs/ThingDef[defName="LumberOak"]</xpath>
          <value>
            <li Class="SurvivalTools.StuffPropsTool">
              <toolStatFactors>
                <TreeFellingSpeed>0.65</TreeFellingSpeed>
                <PlantHarvestingSpeed>0.65</PlantHarvestingSpeed>
                <DiggingSpeed>0.65</DiggingSpeed>
                <MiningYieldDigging>0.85</MiningYieldDigging>
                <ConstructionSpeed>0.65</ConstructionSpeed>
              </toolStatFactors>
            </li>
          </value>
        </li>
        <!-- Processed pine lumber... -->
        <li Class="PatchOperationAddModExtension">
          <xpath>Defs/ThingDef[defName="LumberPine"]</xpath>
          <value>
            <li Class="SurvivalTools.StuffPropsTool">
              <toolStatFactors>
                <TreeFellingSpeed>0.6</TreeFellingSpeed>
                <PlantHarvestingSpeed>0.6</PlantHarvestingSpeed>
                <DiggingSpeed>0.6</DiggingSpeed>
                <MiningYieldDigging>0.8</MiningYieldDigging>
                <ConstructionSpeed>0.6</ConstructionSpeed>
              </toolStatFactors>
            </li>
          </value>
        </li>
        <!-- Processed poplar lumber... -->
        <li Class="PatchOperationAddModExtension">
          <xpath>Defs/ThingDef[defName="LumberPoplar"]</xpath>
          <value>
            <li Class="SurvivalTools.StuffPropsTool">
              <toolStatFactors>
                <TreeFellingSpeed>0.6</TreeFellingSpeed>
                <PlantHarvestingSpeed>0.6</PlantHarvestingSpeed>
                <DiggingSpeed>0.6</DiggingSpeed>
                <MiningYieldDigging>0.8</MiningYieldDigging>
                <ConstructionSpeed>0.6</ConstructionSpeed>
              </toolStatFactors>
            </li>
          </value>
        </li>
        <!-- Processed teak lumber... -->
        <li Class="PatchOperationAddModExtension">
          <xpath>Defs/ThingDef[defName="LumberTeak"]</xpath>
          <value>
            <li Class="SurvivalTools.StuffPropsTool">
              <toolStatFactors>
                <TreeFellingSpeed>0.65</TreeFellingSpeed>
                <PlantHarvestingSpeed>0.65</PlantHarvestingSpeed>
                <DiggingSpeed>0.65</DiggingSpeed>
                <MiningYieldDigging>0.85</MiningYieldDigging>
                <ConstructionSpeed>0.65</ConstructionSpeed>
              </toolStatFactors>
            </li>
          </value>
        </li>
        <!-- Processed willow lumber... -->
        <li Class="PatchOperationAddModExtension">
          <xpath>Defs/ThingDef[defName="LumberWillow"]</xpath>
          <value>
            <li Class="SurvivalTools.StuffPropsTool">
              <toolStatFactors>
                <TreeFellingSpeed>0.6</TreeFellingSpeed>
                <PlantHarvestingSpeed>0.6</PlantHarvestingSpeed>
                <DiggingSpeed>0.6</DiggingSpeed>
                <MiningYieldDigging>0.8</MiningYieldDigging>
                <ConstructionSpeed>0.6</ConstructionSpeed>
              </toolStatFactors>
            </li>
          </value>
        </li>
        <!-- Processed bamboo lumber... -->
        <li Class="PatchOperationAddModExtension">
          <xpath>Defs/ThingDef[defName="LumberBamboo"]</xpath>
          <value>
            <li Class="SurvivalTools.StuffPropsTool">
              <toolStatFactors>
                <TreeFellingSpeed>0.5</TreeFellingSpeed>
                <PlantHarvestingSpeed>0.5</PlantHarvestingSpeed>
                <DiggingSpeed>0.5</DiggingSpeed>
                <MiningYieldDigging>0.7</MiningYieldDigging>
                <ConstructionSpeed>0.5</ConstructionSpeed>
              </toolStatFactors>
            </li>
          </value>
        </li>
      </operations>
    </match>
  </Operation>
</Patch>