<Defs>

    <ThingSetMakerDef>
        <defName>MapGen_AncientRuinsSurvivalTools</defName>
        <root Class="ThingSetMaker_Sum">
            <options>
                <li>
                    <chance>0.4</chance>
                    <thingSetMaker Class="ThingSetMaker_Count">
                        <fixedParams>
                            <techLevel>Industrial</techLevel>
                            <filter>
                                <categories>
                                    <li>SurvivalTools</li>
                                </categories>
                            </filter>
                            <countRange>
                                <min>1</min>
                                <max>2</max>
                            </countRange>
                        </fixedParams>
                    </thingSetMaker>
                </li>
            </options>
        </root>
    </ThingSetMakerDef>

</Defs>