<?xml version="1.0" encoding="utf-8" ?>
<Defs>

  <!-- Basic Battery Technology - Unlocks basic battery crafting -->
  <ResearchProjectDef>
    <defName>ST_BatteryTech</defName>
    <label>battery technology</label>
    <description>Learn to craft rechargeable batteries for powering advanced tools. Basic batteries provide moderate capacity and are suitable for most powered equipment.</description>
    <baseCost>800</baseCost>
    <techLevel>Industrial</techLevel>
    <prerequisites>
      <li>Electricity</li>
    </prerequisites>
    <tab>Main</tab>
    <researchViewX>7.00</researchViewX>
    <researchViewY>3.50</researchViewY>
  </ResearchProjectDef>

  <!-- Advanced Battery Technology - Unlocks industrial-grade batteries -->
  <ResearchProjectDef>
    <defName>ST_AdvancedBatteryTech</defName>
    <label>advanced battery technology</label>
    <description>Develop high-capacity industrial batteries with significantly improved energy density. These batteries provide extended operating time for power tools in demanding work environments.</description>
    <baseCost>2000</baseCost>
    <techLevel>Spacer</techLevel>
    <prerequisites>
      <li>MicroelectronicsBasics</li>
      <li>ST_BatteryTech</li>
    </prerequisites>
    <tab>Main</tab>
    <researchViewX>10.00</researchViewX>
    <researchViewY>3.50</researchViewY>
  </ResearchProjectDef>

  <!-- Industrial Battery Technology - Unlocks nuclear batteries -->
  <ResearchProjectDef>
    <defName>ST_IndustrialBatteryTech</defName>
    <label>industrial battery technology</label>
    <description>Master cutting-edge battery technology including nuclear power cells. Nuclear batteries offer exceptional capacity but require careful handling. Advanced fabrication techniques enable high-performance batteries for extended field operations.</description>
    <baseCost>3500</baseCost>
    <techLevel>Spacer</techLevel>
    <prerequisites>
      <li>Fabrication</li>
      <li>MicroelectronicsBasics</li>
      <li>ST_BatteryTech</li>
    </prerequisites>
    <tab>Main</tab>
    <researchViewX>12.00</researchViewX>
    <researchViewY>3.50</researchViewY>
  </ResearchProjectDef>

</Defs>
