<?xml version="1.0" encoding="utf-8" ?>
<Defs>
  <PeteTimesSix.ResearchReinvented.Defs.SettingsPresetDef>
    <defName>SettingsPreset_RR_Slow</defName>
    <label>peer reviewed</label>
    <description>A slower, vanilla-like research speed settings preset.</description>
	<priority>600</priority>
	<categorySettingPresets>
		<li>
			<category>Theory</category>
			
			<importanceMultiplier>0.0</importanceMultiplier>
			<importanceMultiplierCounted>0.0</importanceMultiplierCounted>
			<infiniteOverflow>true</infiniteOverflow>
			<targetIterations>1.0</targetIterations>
			<researchSpeedMultiplier>0.5</researchSpeedMultiplier>
		</li>
		<li>
			<category>Books</category>
			
			<importanceStatic>0.35</importanceStatic>
			<importanceMultiplier>0.0</importanceMultiplier>
			<importanceMultiplierCounted>0.0</importanceMultiplierCounted>
			<targetIterations>2.0</targetIterations>
			<researchSpeedMultiplier>1.0</researchSpeedMultiplier>
		</li>
		<li>
			<category>Social</category>
			
			<importanceMultiplier>1.5</importanceMultiplier>
			<importanceMultiplierCounted>0.5</importanceMultiplierCounted>
			<targetIterations>3.0</targetIterations>
			<researchSpeedMultiplier>2.0</researchSpeedMultiplier>
		</li>
		<li>
			<category>Prototyping</category>
			
			<importanceMultiplier>1.5</importanceMultiplier>
			<importanceMultiplierCounted>1.0</importanceMultiplierCounted>
			<targetIterations>3.0</targetIterations>
			<researchSpeedMultiplier>2.5</researchSpeedMultiplier>
			<availableAtOverallProgress>0.3~1.0</availableAtOverallProgress>
		</li>
		<li>
			<category>Clinical</category>
			
			<importanceMultiplier>1.5</importanceMultiplier>
			<importanceMultiplierCounted>1.0</importanceMultiplierCounted>
			<targetIterations>3.0</targetIterations>
			<researchSpeedMultiplier>2.0</researchSpeedMultiplier>
			<availableAtOverallProgress>0.3~1.0</availableAtOverallProgress>
		</li>
		<li>
			<category>Tooling</category>
			
			<importanceMultiplier>1.25</importanceMultiplier>
			<importanceMultiplierCounted>1.0</importanceMultiplierCounted>
			<targetIterations>2.0</targetIterations>
			<researchSpeedMultiplier>2.0</researchSpeedMultiplier>
		</li>
		<li>
			<category>ReverseEngineering</category>
			
			<importanceMultiplier>1.25</importanceMultiplier>
			<importanceMultiplierCounted>0.5</importanceMultiplierCounted>
			<targetIterations>5.0</targetIterations>
			<researchSpeedMultiplier>1.5</researchSpeedMultiplier>
		</li>
		<li>
			<category>ForwardEngineering</category>
			
			<importanceMultiplier>1.25</importanceMultiplier>
			<importanceMultiplierCounted>1.0</importanceMultiplierCounted>
			<targetIterations>15.0</targetIterations>
			<researchSpeedMultiplier>1.25</researchSpeedMultiplier>
		</li>
		<li>
			<category>Logistics</category>
			
			<importanceMultiplier>1.25</importanceMultiplier>
			<importanceMultiplierCounted>1.0</importanceMultiplierCounted>
			<targetIterations>2</targetIterations>
			<researchSpeedMultiplier>2.0</researchSpeedMultiplier>
		</li>
		<li>
			<category>Geology</category>
			
			<importanceMultiplier>1.25</importanceMultiplier>
			<importanceMultiplierCounted>1.0</importanceMultiplierCounted>
			<targetIterations>5.0</targetIterations>
			<researchSpeedMultiplier>1.5</researchSpeedMultiplier>
		</li>
		<li>
			<category>Biology</category>
			
			<importanceMultiplier>1.25</importanceMultiplier>
			<importanceMultiplierCounted>1.0</importanceMultiplierCounted>
			<targetIterations>5.0</targetIterations>
			<researchSpeedMultiplier>1.5</researchSpeedMultiplier>
		</li>
		<li>
			<category>Chemistry</category>
			
			<importanceMultiplier>1.25</importanceMultiplier>
			<importanceMultiplierCounted>1.0</importanceMultiplierCounted>
			<targetIterations>5.0</targetIterations>
			<researchSpeedMultiplier>1.5</researchSpeedMultiplier>
		</li>
		<li>
			<category>Gastronomy</category>
			
			<importanceMultiplier>1.25</importanceMultiplier>
			<importanceMultiplierCounted>1.0</importanceMultiplierCounted>
			<targetIterations>5.0</targetIterations>
			<researchSpeedMultiplier>1.5</researchSpeedMultiplier>
		</li>
		<li>
			<category>Material</category>
			
			<importanceMultiplier>1.25</importanceMultiplier>
			<importanceMultiplierCounted>1.0</importanceMultiplierCounted>
			<targetIterations>8.0</targetIterations>
			<researchSpeedMultiplier>1.0</researchSpeedMultiplier>
		</li>
	</categorySettingPresets>
  </PeteTimesSix.ResearchReinvented.Defs.SettingsPresetDef>
</Defs>