<Patch>
  <Operation Class="PatchOperationFindMod">
    <mods>
      <li>Alpha Bees</li>
    </mods>
    <match Class="PatchOperationSequence">
      <success>Always</success>
      <operations>
        <!-- RB_Beeswax -->
        <li Class="PatchOperationConditional">
          <xpath>Defs/ThingDef[defName="RB_Beeswax"]/modExtensions/li[@Class="SurvivalTools.StuffPropsTool"]</xpath>
          <nomatch Class="PatchOperationAddModExtension">
            <xpath>Defs/ThingDef[defName="RB_Beeswax"]</xpath>
            <value>
              <li Class="SurvivalTools.StuffPropsTool">
                <toolStatFactors>
                  <TreeFellingSpeed>0.3</TreeFellingSpeed>
                  <PlantHarvestingSpeed>0.3</PlantHarvestingSpeed>
                  <DiggingSpeed>0.4</DiggingSpeed>
                  <MiningYieldDigging>0.7</MiningYieldDigging>
                  <ConstructionSpeed>0.4</ConstructionSpeed>
                </toolStatFactors>
                <wearFactorMultiplier>1.6</wearFactorMultiplier>
              </li>
            </value>
          </nomatch>
        </li>
        <!-- RB_Brittlewax -->
        <li Class="PatchOperationConditional">
          <xpath>Defs/ThingDef[defName="RB_Brittlewax"]/modExtensions/li[@Class="SurvivalTools.StuffPropsTool"]</xpath>
          <nomatch Class="PatchOperationAddModExtension">
            <xpath>Defs/ThingDef[defName="RB_Brittlewax"]</xpath>
            <value>
              <li Class="SurvivalTools.StuffPropsTool">
                <toolStatFactors>
                  <TreeFellingSpeed>0.25</TreeFellingSpeed>
                  <PlantHarvestingSpeed>0.25</PlantHarvestingSpeed>
                  <DiggingSpeed>0.3</DiggingSpeed>
                  <MiningYieldDigging>0.6</MiningYieldDigging>
                  <ConstructionSpeed>0.3</ConstructionSpeed>
                </toolStatFactors>
                <wearFactorMultiplier>1.7</wearFactorMultiplier>
              </li>
            </value>
          </nomatch>
        </li>
        <!-- RB_RedBeeswax -->
        <li Class="PatchOperationConditional">
          <xpath>Defs/ThingDef[defName="RB_RedBeeswax"]/modExtensions/li[@Class="SurvivalTools.StuffPropsTool"]</xpath>
          <nomatch Class="PatchOperationAddModExtension">
            <xpath>Defs/ThingDef[defName="RB_RedBeeswax"]</xpath>
            <value>
              <li Class="SurvivalTools.StuffPropsTool">
                <toolStatFactors>
                  <TreeFellingSpeed>0.4</TreeFellingSpeed>
                  <PlantHarvestingSpeed>0.4</PlantHarvestingSpeed>
                  <DiggingSpeed>0.5</DiggingSpeed>
                  <MiningYieldDigging>0.8</MiningYieldDigging>
                  <ConstructionSpeed>0.5</ConstructionSpeed>
                </toolStatFactors>
                <wearFactorMultiplier>1.5</wearFactorMultiplier>
              </li>
            </value>
          </nomatch>
        </li>
        <!-- RB_WhiteBeeswax -->
        <li Class="PatchOperationConditional">
          <xpath>Defs/ThingDef[defName="RB_WhiteBeeswax"]/modExtensions/li[@Class="SurvivalTools.StuffPropsTool"]</xpath>
          <nomatch Class="PatchOperationAddModExtension">
            <xpath>Defs/ThingDef[defName="RB_WhiteBeeswax"]</xpath>
            <value>
              <li Class="SurvivalTools.StuffPropsTool">
                <toolStatFactors>
                  <TreeFellingSpeed>0.35</TreeFellingSpeed>
                  <PlantHarvestingSpeed>0.35</PlantHarvestingSpeed>
                  <DiggingSpeed>0.45</DiggingSpeed>
                  <MiningYieldDigging>0.75</MiningYieldDigging>
                  <ConstructionSpeed>0.45</ConstructionSpeed>
                </toolStatFactors>
                <wearFactorMultiplier>1.55</wearFactorMultiplier>
              </li>
            </value>
          </nomatch>
        </li>
        <!-- RB_BlackBeeswax -->
        <li Class="PatchOperationConditional">
          <xpath>Defs/ThingDef[defName="RB_BlackBeeswax"]/modExtensions/li[@Class="SurvivalTools.StuffPropsTool"]</xpath>
          <nomatch Class="PatchOperationAddModExtension">
            <xpath>Defs/ThingDef[defName="RB_BlackBeeswax"]</xpath>
            <value>
              <li Class="SurvivalTools.StuffPropsTool">
                <toolStatFactors>
                  <TreeFellingSpeed>0.3</TreeFellingSpeed>
                  <PlantHarvestingSpeed>0.3</PlantHarvestingSpeed>
                  <DiggingSpeed>0.4</DiggingSpeed>
                  <MiningYieldDigging>0.7</MiningYieldDigging>
                  <ConstructionSpeed>0.4</ConstructionSpeed>
                </toolStatFactors>
                <wearFactorMultiplier>1.6</wearFactorMultiplier>
              </li>
            </value>
          </nomatch>
        </li>
      </operations>
    </match>
  </Operation>
</Patch>