<Patch>
    <Operation Class="PatchOperationAddModExtension">
        <xpath>Defs/ThingDef[defName="Silver"]</xpath>
        <value>
            <li Class="SurvivalTools.StuffPropsTool">
                <toolStatFactors>
                    <TreeFellingSpeed>                        
                        0.7
                    </TreeFellingSpeed>
                    <PlantHarvestingSpeed>                        
                        0.7
                    </PlantHarvestingSpeed>
                </toolStatFactors>
            </li>
        </value>
    </Operation>
    <Operation Class="PatchOperationAddModExtension">
        <xpath>             Defs/ThingDef[defName="Gold"]
        </xpath>
        <value>
            <li Class="SurvivalTools.StuffPropsTool">
                <toolStatFactors>
                    <TreeFellingSpeed>                        
                        0.6
                    </TreeFellingSpeed>
                    <PlantHarvestingSpeed>                        
                        0.6
                    </PlantHarvestingSpeed>
                    <DiggingSpeed>                        
                        1.1
                    </DiggingSpeed>
                    <MiningYieldDigging>                        
                        1.1
                    </MiningYieldDigging>
                    <ConstructionSpeed>                        
                        1.1
                    </ConstructionSpeed>
                </toolStatFactors>
            </li>
        </value>
    </Operation>
    <Operation Class="PatchOperationAddModExtension">
        <xpath>             Defs/ThingDef[defName="Plasteel"]
        </xpath>
        <value>
            <li Class="SurvivalTools.StuffPropsTool">
                <toolStatFactors>
                    <TreeFellingSpeed>                        
                        1.3
                    </TreeFellingSpeed>
                    <PlantHarvestingSpeed>                        
                        1.3
                    </PlantHarvestingSpeed>
                </toolStatFactors>
            </li>
        </value>
    </Operation>
    <Operation Class="PatchOperationAddModExtension">
        <xpath>             Defs/ThingDef[defName="WoodLog"]
        </xpath>
        <value>
            <li Class="SurvivalTools.StuffPropsTool">
                <toolStatFactors>
                    <TreeFellingSpeed>                        
                        0.6
                    </TreeFellingSpeed>
                    <PlantHarvestingSpeed>                        
                        0.6
                    </PlantHarvestingSpeed>
                    <DiggingSpeed>                        
                        0.6
                    </DiggingSpeed>
                    <MiningYieldDigging>                        
                        0.8
                    </MiningYieldDigging>
                    <ConstructionSpeed>                        
                        0.6
                    </ConstructionSpeed>
                </toolStatFactors>
            </li>
        </value>
    </Operation>
    <Operation Class="PatchOperationAddModExtension">
        <xpath>             Defs/ThingDef[defName="Uranium"]
        </xpath>
        <value>
            <li Class="SurvivalTools.StuffPropsTool">
                <toolStatFactors>
                    <DiggingSpeed>                        
                        1.3
                    </DiggingSpeed>
                    <MiningYieldDigging>                        
                        1.1
                    </MiningYieldDigging>
                    <ConstructionSpeed>                        
                        1.3
                    </ConstructionSpeed>
                </toolStatFactors>
            </li>
        </value>
    </Operation>
    <Operation Class="PatchOperationAddModExtension">
        <xpath>             Defs/ThingDef[defName="Jade"]
        </xpath>
        <value>
            <li Class="SurvivalTools.StuffPropsTool">
                <toolStatFactors>
                    <TreeFellingSpeed>                        
                        0.9
                    </TreeFellingSpeed>
                    <PlantHarvestingSpeed>                        
                        0.9
                    </PlantHarvestingSpeed>
                    <MiningYieldDigging>                        
                        0.9
                    </MiningYieldDigging>
                    <DiggingSpeed>                        
                        1.1
                    </DiggingSpeed>
                </toolStatFactors>
            </li>
        </value>
    </Operation>
</Patch>