<Patch>

  <Operation Class="PatchOperationFindMod">
    <mods>
      <li>Dark Ages : Medieval Tools</li>
    </mods>
    <match Class="PatchOperationSequence">
      <success>Always</success>
      <operations>

        <!-- Building Hammer - Construction -->
        <li Class="PatchOperationAddModExtension">
          <xpath>Defs/ThingDef[defName="DA_MeleeWeapon_Hammer"]</xpath>
          <value>
            <li Class="SurvivalTools.SurvivalToolProperties">
              <baseWorkStatFactors>
                <ConstructionSpeed>1.1</ConstructionSpeed>
              </baseWorkStatFactors>
              <defaultSurvivalToolAssignmentTags>
                <li>Constructor</li>
              </defaultSurvivalToolAssignmentTags>
            </li>
          </value>
        </li>

        <li Class="PatchOperationAdd">
          <xpath>Defs/ThingDef[defName="DA_MeleeWeapon_Hammer"]</xpath>
          <value>
            <thingClass>SurvivalTools.SurvivalTool</thingClass>
          </value>
        </li>

        <!-- Pickaxe - Mining -->
        <li Class="PatchOperationAddModExtension">
          <xpath>Defs/ThingDef[defName="DA_MeleeWeapon_Pickaxe"]</xpath>
          <value>
            <li Class="SurvivalTools.SurvivalToolProperties">
              <baseWorkStatFactors>
                <DiggingSpeed>1.15</DiggingSpeed>
                <MiningYieldDigging>1.1</MiningYieldDigging>
              </baseWorkStatFactors>
              <defaultSurvivalToolAssignmentTags>
                <li>Miner</li>
              </defaultSurvivalToolAssignmentTags>
            </li>
          </value>
        </li>

        <li Class="PatchOperationAdd">
          <xpath>Defs/ThingDef[defName="DA_MeleeWeapon_Pickaxe"]</xpath>
          <value>
            <thingClass>SurvivalTools.SurvivalTool</thingClass>
          </value>
        </li>

        <!-- Scythe - Plant Cutting & Harvesting -->
        <li Class="PatchOperationAddModExtension">
          <xpath>Defs/ThingDef[defName="DA_MeleeWeapon_Scythe"]</xpath>
          <value>
            <li Class="SurvivalTools.SurvivalToolProperties">
              <baseWorkStatFactors>
                <PlantHarvestingSpeed>1.2</PlantHarvestingSpeed>
              </baseWorkStatFactors>
              <defaultSurvivalToolAssignmentTags>
                <li>PlantWorker</li>
              </defaultSurvivalToolAssignmentTags>
            </li>
          </value>
        </li>

        <li Class="PatchOperationAdd">
          <xpath>Defs/ThingDef[defName="DA_MeleeWeapon_Scythe"]</xpath>
          <value>
            <thingClass>SurvivalTools.SurvivalTool</thingClass>
          </value>
        </li>

        <!-- Meat Cleaver - Butchery -->
        <li Class="PatchOperationAddModExtension">
          <xpath>Defs/ThingDef[defName="DA_MeleeWeapon_Cleaver"]</xpath>
          <value>
            <li Class="SurvivalTools.SurvivalToolProperties">
              <baseWorkStatFactors>
                <ButcheryFleshSpeed>1.2</ButcheryFleshSpeed>
                <ButcheryFleshEfficiency>1.15</ButcheryFleshEfficiency>
              </baseWorkStatFactors>
              <defaultSurvivalToolAssignmentTags>
                <li>Cook</li>
              </defaultSurvivalToolAssignmentTags>
            </li>
          </value>
        </li>

        <li Class="PatchOperationAdd">
          <xpath>Defs/ThingDef[defName="DA_MeleeWeapon_Cleaver"]</xpath>
          <value>
            <thingClass>SurvivalTools.SurvivalTool</thingClass>
          </value>
        </li>

        <!-- Bonesaw - Medical Operations -->
        <li Class="PatchOperationAddModExtension">
          <xpath>Defs/ThingDef[defName="DA_MeleeWeapon_Hacksaw"]</xpath>
          <value>
            <li Class="SurvivalTools.SurvivalToolProperties">
              <baseWorkStatFactors>
                <MedicalOperationSpeed>1.2</MedicalOperationSpeed>
                <MedicalSurgerySuccessChance>0.9</MedicalSurgerySuccessChance>
              </baseWorkStatFactors>
              <defaultSurvivalToolAssignmentTags>
                <li>Doctor</li>
              </defaultSurvivalToolAssignmentTags>
            </li>
          </value>
        </li>

        <li Class="PatchOperationAdd">
          <xpath>Defs/ThingDef[defName="DA_MeleeWeapon_Hacksaw"]</xpath>
          <value>
            <thingClass>SurvivalTools.SurvivalTool</thingClass>
          </value>
        </li>

        <!-- Broom - Cleaning -->
        <li Class="PatchOperationAddModExtension">
          <xpath>Defs/ThingDef[defName="DA_MeleeWeapon_Broom"]</xpath>
          <value>
            <li Class="SurvivalTools.SurvivalToolProperties">
              <baseWorkStatFactors>
                <CleaningSpeed>1.35</CleaningSpeed>
              </baseWorkStatFactors>
              <defaultSurvivalToolAssignmentTags>
                <li>Cleaner</li>
              </defaultSurvivalToolAssignmentTags>
            </li>
          </value>
        </li>

        <li Class="PatchOperationAdd">
          <xpath>Defs/ThingDef[defName="DA_MeleeWeapon_Broom"]</xpath>
          <value>
            <thingClass>SurvivalTools.SurvivalTool</thingClass>
          </value>
        </li>

      </operations>
    </match>
  </Operation>

</Patch>