<Patch>

    <Operation Class="PatchOperationFindMod">
        <mods>
            <li>VWE Useful Tools</li>
        </mods>
        <match Class="PatchOperationSequence">
            <success>Always</success>
            <operations>

                <li Class="PatchOperationAddModExtension">
                    <xpath>Defs/ThingDef[defName="VWE_Zal_Hammer"]</xpath>
                    <value>
                        <li Class="SurvivalTools.SurvivalToolProperties">
                            <baseWorkStatFactors>
                                <ConstructionSpeed>1.0</ConstructionSpeed>
                                <ConstructSuccessChance>1.0</ConstructSuccessChance>
                            </baseWorkStatFactors>
                            <defaultSurvivalToolAssignmentTags>
                                <li>Constructor</li>
                            </defaultSurvivalToolAssignmentTags>
                        </li>
                    </value>
                </li>

                <li Class="PatchOperationAdd">
                    <xpath>Defs/ThingDef[defName="VWE_Zal_Hammer"]</xpath>
                    <value>
                        <thingClass>SurvivalTools.SurvivalTool</thingClass>
                    </value>
                </li>

                <li Class="PatchOperationAddModExtension">
                    <xpath>Defs/ThingDef[defName="VWE_Zal_Pickaxe"]</xpath>
                    <value>
                        <li Class="SurvivalTools.SurvivalToolProperties">
                            <baseWorkStatFactors>
                                <DiggingSpeed>1.1</DiggingSpeed>
                                <MiningYieldDigging>1.1</MiningYieldDigging>
                            </baseWorkStatFactors>
                            <defaultSurvivalToolAssignmentTags>
                                <li>Miner</li>
                            </defaultSurvivalToolAssignmentTags>
                        </li>
                    </value>
                </li>

                <li Class="PatchOperationAdd">
                    <xpath>Defs/ThingDef[defName="VWE_Zal_Pickaxe"]</xpath>
                    <value>
                        <thingClass>SurvivalTools.SurvivalTool</thingClass>
                    </value>
                </li>
                <!-- hatchets are wood cutters (tree felling) -->
                <li Class="PatchOperationAddModExtension">
                    <xpath>Defs/ThingDef[defName="VWE_Zal_Hatchet"]</xpath>
                    <value>
                        <li Class="SurvivalTools.SurvivalToolProperties">
                            <baseWorkStatFactors>
                                <TreeFellingSpeed>1.1</TreeFellingSpeed>
                            </baseWorkStatFactors>
                            <defaultSurvivalToolAssignmentTags>
                                <li>PlantWorker</li>
                            </defaultSurvivalToolAssignmentTags>
                        </li>
                    </value>
                </li>

                <li Class="PatchOperationAdd">
                    <xpath>Defs/ThingDef[defName="VWE_Zal_Hatchet"]</xpath>
                    <value>
                        <thingClass>SurvivalTools.SurvivalTool</thingClass>
                    </value>
                </li>

                <!-- shovels can dig and be used for basic plant work -->
                <li Class="PatchOperationAddModExtension">
                    <xpath>Defs/ThingDef[defName="VWE_Zal_Shovel"]</xpath>
                    <value>
                        <li Class="SurvivalTools.SurvivalToolProperties">
                            <baseWorkStatFactors>
                                <DiggingSpeed>1.1</DiggingSpeed>
                                <MiningYieldDigging>1.1</MiningYieldDigging>
                                <SowingSpeed>0.8</SowingSpeed>
                            </baseWorkStatFactors>
                            <defaultSurvivalToolAssignmentTags>
                                <li>Miner</li>
                                <li>PlantWorker</li>
                            </defaultSurvivalToolAssignmentTags>
                        </li>
                    </value>
                </li>

                <li Class="PatchOperationAdd">
                    <xpath>Defs/ThingDef[defName="VWE_Zal_Shovel"]</xpath>
                    <value>
                        <thingClass>SurvivalTools.SurvivalTool</thingClass>
                    </value>
                </li>

                <!-- wrenches for maintenance and repair -->
                <li Class="PatchOperationAddModExtension">
                    <xpath>Defs/ThingDef[defName="VWE_Zal_Wrench"]</xpath>
                    <value>
                        <li Class="SurvivalTools.SurvivalToolProperties">
                            <baseWorkStatFactors>
                                <ConstructionSpeed>1.1</ConstructionSpeed>
                                <MaintenanceSpeed>1.2</MaintenanceSpeed>
                                <DeconstructionSpeed>1.1</DeconstructionSpeed>
                            </baseWorkStatFactors>
                            <defaultSurvivalToolAssignmentTags>
                                <li>Constructor</li>
                            </defaultSurvivalToolAssignmentTags>
                        </li>
                    </value>
                </li>

                <li Class="PatchOperationAdd">
                    <xpath>Defs/ThingDef[defName="VWE_Zal_Wrench"]</xpath>
                    <value>
                        <thingClass>SurvivalTools.SurvivalTool</thingClass>
                    </value>
                </li>

            </operations>
        </match>
    </Operation>

</Patch>