<loadFolders>
	<v1.3>
		<li>/</li>
		<li>v1.3</li>
	</v1.3>
	<v1.4>
		<li>/</li>
		<li>v1.4</li>
		<li IfModActive="CETeam.CombatExtended">ModSpecific/v1.4/CombatExtended</li>
		<li IfModActive="VanillaExpanded.VFEArchitect">ModSpecific/v1.4/VEArchitect</li>
	</v1.4>
	<v1.5>
		<li>/</li>
		<li>v1.5</li>
		<li IfModActive="CETeam.CombatExtended">ModSpecific/v1.5/CombatExtended</li>
		<li IfModActive="VanillaExpanded.VFEArchitect">ModSpecific/v1.5/VEArchitect</li>
	</v1.5>
	<v1.6>
		<li>/</li>
		<li>v1.6</li>
		<li IfModActive="CETeam.CombatExtended">ModSpecific/v1.6/CombatExtended</li>
		<li IfModActive="VanillaExpanded.VFEArchitect">ModSpecific/v1.6/VEArchitect</li>
	</v1.6>
</loadFolders>