<Defs>

    <JobDef>
        <defName>FellTree</defName>
        <driverClass>SurvivalTools.JobDriver_FellTree</driverClass>
        <reportString>felling TargetA.</reportString>
        <allowOpportunisticPrefix>true</allowOpportunisticPrefix>
    </JobDef>

    <JobDef>
        <defName>FellTreeDesignated</defName>
        <driverClass>SurvivalTools.JobDriver_FellTree_Designated</driverClass>
        <reportString>felling TargetA.</reportString>
        <allowOpportunisticPrefix>true</allowOpportunisticPrefix>
    </JobDef>

    <JobDef>
    <defName>HarvestTree</defName>
    <driverClass>SurvivalTools.JobDriver_HarvestTree</driverClass>
    <reportString>felling TargetA.</reportString>
    <allowOpportunisticPrefix>true</allowOpportunisticPrefix>
  </JobDef>

  <JobDef>
    <defName>HarvestTreeDesignated</defName>
    <driverClass>SurvivalTools.JobDriver_HarvestTree_Designated</driverClass>
    <reportString>felling TargetA.</reportString>
    <allowOpportunisticPrefix>true</allowOpportunisticPrefix>
  </JobDef>

</Defs>