<Patch>
  <Operation Class="PatchOperationFindMod">
    <mods>
      <li>Combat Extended</li>
    </mods>
    <match Class="PatchOperationSequence">
      <success>Always</success>
      <operations>
        <!-- Axe (cd = 2.4s) -->
        <li Class="PatchOperationConditional">
          <xpath>Defs/ThingDef[defName="SurvivalTools_Axe"]</xpath>
          <match Class="PatchOperationSequence">
            <operations>
              <li Class="PatchOperationReplace">
                <xpath>Defs/ThingDef[defName="SurvivalTools_Axe"]/tools</xpath>
                <value>
                  <tools>
                    <li Class="CombatExtended.ToolCE">
                      <label>handle</label>
                      <capacities>
                        <li>Poke</li>
                      </capacities>
                      <power>8</power>
                      <armorPenetration>0.075</armorPenetration>
                      <cooldownTime>2.4</cooldownTime>
                      <linkedBodyPartsGroup>Handle</linkedBodyPartsGroup>
                    </li>
                    <li Class="CombatExtended.ToolCE">
                      <label>head</label>
                      <capacities>
                        <li>Cut</li>
                      </capacities>
                      <chanceFactor>1.33</chanceFactor>
                      <power>14</power>
                      <armorPenetration>0.142</armorPenetration>
                      <cooldownTime>2.4</cooldownTime>
                      <linkedBodyPartsGroup>Head</linkedBodyPartsGroup>
                    </li>
                  </tools>
                </value>
              </li>
              <li Class="PatchOperationAdd">
                <xpath>Defs/ThingDef[defName="SurvivalTools_Axe"]</xpath>
                <value>
                  <equippedStatOffsets>
                    <MeleeCritChance>0.375</MeleeCritChance>
                    <MeleeParryChance>0.375</MeleeParryChance>
                  </equippedStatOffsets>
                </value>
              </li>
              <li Class="PatchOperationAdd">
                <xpath>Defs/ThingDef[defName="SurvivalTools_Axe"]/statBases</xpath>
                <value>
                  <Bulk>4.5</Bulk>
                  <MeleeCounterParryBonus>1.25</MeleeCounterParryBonus>
                </value>
              </li>
            </operations>
          </match>
        </li>
        <!-- Pickaxe (cd = 2.4s) -->
        <li Class="PatchOperationConditional">
          <xpath>Defs/ThingDef[defName="SurvivalTools_Pickaxe"]</xpath>
          <match Class="PatchOperationSequence">
            <operations>
              <li Class="PatchOperationReplace">
                <xpath>Defs/ThingDef[defName="SurvivalTools_Pickaxe"]/tools</xpath>
                <value>
                  <tools>
                    <li Class="CombatExtended.ToolCE">
                      <label>handle</label>
                      <capacities>
                        <li>Poke</li>
                      </capacities>
                      <power>8</power>
                      <armorPenetration>0.075</armorPenetration>
                      <cooldownTime>2.4</cooldownTime>
                      <linkedBodyPartsGroup>Handle</linkedBodyPartsGroup>
                    </li>
                    <li Class="CombatExtended.ToolCE">
                      <label>head</label>
                      <capacities>
                        <li>Stab</li>
                      </capacities>
                      <chanceFactor>1.33</chanceFactor>
                      <power>14</power>
                      <armorPenetration>0.266</armorPenetration>
                      <cooldownTime>2.4</cooldownTime>
                      <linkedBodyPartsGroup>Head</linkedBodyPartsGroup>
                    </li>
                  </tools>
                </value>
              </li>
              <li Class="PatchOperationAdd">
                <xpath>Defs/ThingDef[defName="SurvivalTools_Pickaxe"]</xpath>
                <value>
                  <equippedStatOffsets>
                    <MeleeCritChance>0.375</MeleeCritChance>
                    <MeleeParryChance>0.375</MeleeParryChance>
                  </equippedStatOffsets>
                </value>
              </li>
              <li Class="PatchOperationAdd">
                <xpath>Defs/ThingDef[defName="SurvivalTools_Pickaxe"]/statBases</xpath>
                <value>
                  <Bulk>4.5</Bulk>
                  <MeleeCounterParryBonus>1.25</MeleeCounterParryBonus>
                </value>
              </li>
            </operations>
          </match>
        </li>
        <!-- Hammer (cd = 1.85s) -->
        <li Class="PatchOperationConditional">
          <xpath>Defs/ThingDef[defName="SurvivalTools_Hammer"]</xpath>
          <match Class="PatchOperationSequence">
            <operations>
              <li Class="PatchOperationReplace">
                <xpath>Defs/ThingDef[defName="SurvivalTools_Hammer"]/tools</xpath>
                <value>
                  <tools>
                    <li Class="CombatExtended.ToolCE">
                      <label>handle</label>
                      <capacities>
                        <li>Blunt</li>
                      </capacities>
                      <power>6</power>
                      <armorPenetration>0.087</armorPenetration>
                      <cooldownTime>1.85</cooldownTime>
                      <linkedBodyPartsGroup>Handle</linkedBodyPartsGroup>
                    </li>
                    <li Class="CombatExtended.ToolCE">
                      <label>head</label>
                      <capacities>
                        <li>Blunt</li>
                      </capacities>
                      <chanceFactor>1.33</chanceFactor>
                      <power>10.7</power>
                      <armorPenetration>0.123</armorPenetration>
                      <cooldownTime>1.85</cooldownTime>
                      <linkedBodyPartsGroup>Head</linkedBodyPartsGroup>
                    </li>
                  </tools>
                </value>
              </li>
              <li Class="PatchOperationAdd">
                <xpath>Defs/ThingDef[defName="SurvivalTools_Hammer"]</xpath>
                <value>
                  <equippedStatOffsets>
                    <MeleeCritChance>0.25</MeleeCritChance>
                    <MeleeParryChance>0.25</MeleeParryChance>
                  </equippedStatOffsets>
                </value>
              </li>
              <li Class="PatchOperationAdd">
                <xpath>Defs/ThingDef[defName="SurvivalTools_Hammer"]/statBases</xpath>
                <value>
                  <Bulk>1.5</Bulk>
                </value>
              </li>
            </operations>
          </match>
        </li>
        <!-- Sickle (cd = 1.85s) -->
        <li Class="PatchOperationConditional">
          <xpath>Defs/ThingDef[defName="SurvivalTools_Sickle"]</xpath>
          <match Class="PatchOperationSequence">
            <operations>
              <li Class="PatchOperationReplace">
                <xpath>Defs/ThingDef[defName="SurvivalTools_Sickle"]/tools</xpath>
                <value>
                  <tools>
                    <li Class="CombatExtended.ToolCE">
                      <label>handle</label>
                      <capacities>
                        <li>Blunt</li>
                      </capacities>
                      <power>6</power>
                      <armorPenetration>0.087</armorPenetration>
                      <cooldownTime>1.85</cooldownTime>
                      <linkedBodyPartsGroup>Handle</linkedBodyPartsGroup>
                    </li>
                    <li Class="CombatExtended.ToolCE">
                      <label>blade</label>
                      <capacities>
                        <li>Cut</li>
                      </capacities>
                      <chanceFactor>1.33</chanceFactor>
                      <power>10.7</power>
                      <armorPenetration>0.119</armorPenetration>
                      <cooldownTime>1.85</cooldownTime>
                      <linkedBodyPartsGroup>Blade</linkedBodyPartsGroup>
                    </li>
                  </tools>
                </value>
              </li>
              <li Class="PatchOperationAdd">
                <xpath>Defs/ThingDef[defName="SurvivalTools_Sickle"]</xpath>
                <value>
                  <equippedStatOffsets>
                    <MeleeCritChance>0.25</MeleeCritChance>
                    <MeleeParryChance>0.25</MeleeParryChance>
                  </equippedStatOffsets>
                </value>
              </li>
              <li Class="PatchOperationAdd">
                <xpath>Defs/ThingDef[defName="SurvivalTools_Sickle"]/statBases</xpath>
                <value>
                  <Bulk>1.5</Bulk>
                </value>
              </li>
            </operations>
          </match>
        </li>
      </operations>
    </match>
  </Operation>
</Patch>