<?xml version="1.0" encoding="utf-8" ?>
<Defs>

 <EffecterDef>
    <defName>RR_NoResearchKitEffect</defName>
    <children>
		<li>
		  <subEffecterClass>SubEffecter_Sustainer</subEffecterClass>
		  <soundDef>Interact_Research</soundDef>
		</li>
		<li>
			<subEffecterClass>SubEffecter_InteractSymbol</subEffecterClass>
			<moteDef>RR_Mote_ResearchToolNone</moteDef>
		</li>
		<li>
		  <subEffecterClass>SubEffecter_SprayerContinuous</subEffecterClass>
		  <spawnLocType>OnTarget</spawnLocType>
		  <positionRadius>0.5</positionRadius>
		  <scale>0.5</scale>
		  <fleckUsesAngleForVelocity>true</fleckUsesAngleForVelocity>
		  <ticksBetweenMotes>400</ticksBetweenMotes>
		  <positionLerpFactor>1</positionLerpFactor>
		  <fleckDef>ResearchPage</fleckDef>
		  <angle>0~360</angle>
		  <speed>5</speed>
		</li>
    </children>
  </EffecterDef>

 <EffecterDef>
    <defName>SimpleResearchKitEffect</defName>
    <children>
		<li>
		  <subEffecterClass>SubEffecter_Sustainer</subEffecterClass>
		  <soundDef>Interact_Research</soundDef>
		</li>
		<li>
			<subEffecterClass>SubEffecter_InteractSymbol</subEffecterClass>
			<moteDef>RR_Mote_ResearchToolBasic</moteDef>
		</li>
		<li>
		  <subEffecterClass>SubEffecter_SprayerContinuous</subEffecterClass>
		  <spawnLocType>OnTarget</spawnLocType>
		  <positionRadius>0.5</positionRadius>
		  <scale>0.5</scale>
		  <fleckUsesAngleForVelocity>true</fleckUsesAngleForVelocity>
		  <ticksBetweenMotes>400</ticksBetweenMotes>
		  <positionLerpFactor>1</positionLerpFactor>
		  <fleckDef>ResearchPage</fleckDef>
		  <angle>0~360</angle>
		  <speed>5</speed>
		</li>
    </children>
  </EffecterDef>
  
  <EffecterDef>
    <defName>HiTechResearchKitEffect</defName>
    <children>
		<li>
		  <subEffecterClass>SubEffecter_Sustainer</subEffecterClass>
		  <soundDef>Interact_Research</soundDef>
		</li>
		<li>
			<subEffecterClass>SubEffecter_InteractSymbol</subEffecterClass>
			<moteDef>RR_Mote_ResearchToolMid</moteDef>
		</li>
		<li>
		  <subEffecterClass>SubEffecter_SprayerContinuous</subEffecterClass>
		  <spawnLocType>OnTarget</spawnLocType>
		  <positionRadius>0.5</positionRadius>
		  <scale>0.5</scale>
		  <fleckUsesAngleForVelocity>true</fleckUsesAngleForVelocity>
		  <ticksBetweenMotes>400</ticksBetweenMotes>
		  <positionLerpFactor>1</positionLerpFactor>
		  <fleckDef>ResearchPage</fleckDef>
		  <angle>0~360</angle>
		  <speed>5</speed>
		</li>
    </children>
  </EffecterDef>
  
  <EffecterDef>
    <defName>MultiAnalyzerResearchKitEffect</defName>
    <children>
   		<li>
		  <subEffecterClass>SubEffecter_Sustainer</subEffecterClass>
		  <soundDef>Interact_Research</soundDef>
		</li>
		<li>
			<subEffecterClass>SubEffecter_InteractSymbol</subEffecterClass>
			<moteDef>RR_Mote_ResearchToolAdv</moteDef>
		</li>
		<li>
		  <subEffecterClass>SubEffecter_SprayerContinuous</subEffecterClass>
		  <spawnLocType>OnTarget</spawnLocType>
		  <positionRadius>0.5</positionRadius>
		  <scale>0.5</scale>
		  <fleckUsesAngleForVelocity>true</fleckUsesAngleForVelocity>
		  <ticksBetweenMotes>400</ticksBetweenMotes>
		  <positionLerpFactor>1</positionLerpFactor>
		  <fleckDef>ResearchPage</fleckDef>
		  <angle>0~360</angle>
		  <speed>5</speed>
		</li>
		<li>
			<subEffecterClass>SubEffecter_SprayerChance</subEffecterClass>
			<fleckDef>SparkFlash</fleckDef>
			<spawnLocType>BetweenTouchingCells</spawnLocType>
			<positionLerpFactor>0.49</positionLerpFactor>
			<chancePerTick>0.1</chancePerTick>
			<scale>2.5~3.5</scale>
		</li>
    </children>
  </EffecterDef>
  
</Defs>