<Patch>
  <Operation Class="PatchOperationFindMod">
    <mods>
      <li>Alpha Animals</li>
    </mods>
    <match Class="PatchOperationSequence">
      <success>Always</success>
      <operations>
        <!-- Red Wood -->
        <li Class="PatchOperationAddModExtension">
          <xpath>Defs/ThingDef[defName="GU_RedWood"]</xpath>
          <value>
            <li Class="SurvivalTools.StuffPropsTool">
              <toolStatFactors>
                <TreeFellingSpeed>1.08</TreeFellingSpeed>
                <PlantHarvestingSpeed>1.12</PlantHarvestingSpeed>
                <DiggingSpeed>1.05</DiggingSpeed>
                <MiningYieldDigging>1.05</MiningYieldDigging>
                <ConstructionSpeed>1.12</ConstructionSpeed>
              </toolStatFactors>
            </li>
          </value>
        </li>
        <!-- Sky Steel -->
        <li Class="PatchOperationAddModExtension">
          <xpath>Defs/ThingDef[defName="AA_SkySteel"]</xpath>
          <value>
            <li Class="SurvivalTools.StuffPropsTool">
              <toolStatFactors>
                <TreeFellingSpeed>1.1</TreeFellingSpeed>
                <PlantHarvestingSpeed>1.1</PlantHarvestingSpeed>
                <DiggingSpeed>1.1</DiggingSpeed>
                <ConstructionSpeed>1.1</ConstructionSpeed>
              </toolStatFactors>
            </li>
          </value>
        </li>
      </operations>
    </match>
  </Operation>
</Patch>