<Defs>

    <ThingDef ParentName="ApparelMakeableBase">
        <defName>SurvivalTools_ToolBelt</defName>
        <label>tool belt</label>
        <description>A sturdy leather belt that allows the wearer to carry two additional tools.</description>
        <thingClass>Apparel</thingClass>
        <graphicData>
            <texPath>Things/Pawn/Humanlike/Apparel/ToolBelt/ToolBelt</texPath>
            <graphicClass>Graphic_Single</graphicClass>
        </graphicData>
        <comps Inherit="False">
            <li Class="CompProperties_Forbiddable"/>
            <li>
                <compClass>CompColorable</compClass>
            </li>
            <li>
                <compClass>CompQuality</compClass>
            </li>
        </comps>
        <statBases>
            <Mass>0.5</Mass>
            <WorkToMake>2700</WorkToMake>
            <Flammability>1.0</Flammability>
            <EquipDelay>2</EquipDelay>
        </statBases>
        <equippedStatOffsets>
            <SurvivalToolCarryCapacity>2</SurvivalToolCarryCapacity>
        </equippedStatOffsets>
        <costStuffCount>40</costStuffCount>
        <stuffCategories>
            <li>Leathery</li>
        </stuffCategories>
        <costList>
            <Steel>10</Steel>
        </costList>
        <thingCategories>
            <li>Apparel</li>
        </thingCategories>
        <recipeMaker>
            <researchPrerequisite>Smithing</researchPrerequisite>
        </recipeMaker>
        <apparel>
            <careIfWornByCorpse>false</careIfWornByCorpse>
            <bodyPartGroups>
                <li>Waist</li>
            </bodyPartGroups>
            <layers>
                <li>Belt</li>
            </layers>
            <defaultOutfitTags>
                <li>Worker</li>
            </defaultOutfitTags>
        </apparel>
    </ThingDef>

</Defs>