<Defs>
    <!-- Uses all the right flags from vanilla's UnfinishedThingBase -->
    <ThingDef ParentName="UnfinishedBase">
        <defName>UnfinishedSurvivalTool</defName>
        <label>unfinished tool</label>
        <description>An unfinished tool. It still needs to be worked on at a crafting spot to become usable.</description>
        <!-- optional: re-use the generic unfinished sprite -->
        <graphicData>
            <texPath>Things/Item/Unfinished/UnfinishedSculpture</texPath>            <!-- there is no generic unfinished sprite -->
            <graphicClass>Graphic_Single</graphicClass>
        </graphicData>
    </ThingDef>
</Defs>