<Defs>

    <ThingDef Name="BaseSurvivalTool" Abstract="True">
        <!-- Inherits from ThingWithComps; properties are defined through the DefModExtension SurvivalToolProperties -->
        <thingClass>SurvivalTools.SurvivalTool</thingClass>
        <statBases>
            <MaxHitPoints>100</MaxHitPoints>
            <DeteriorationRate>2</DeteriorationRate>
            <Mass>2</Mass>
            <Flammability>1</Flammability>
            <Beauty>-7</Beauty>
            <ToolEffectivenessFactor>1</ToolEffectivenessFactor>
        </statBases>
        <graphicData>
            <onGroundRandomRotateAngle>35</onGroundRandomRotateAngle>
        </graphicData>
        <equippedAngleOffset>-65</equippedAngleOffset>
        <comps>
            <li Class="CompProperties_Forbiddable"/>
            <li>
                <compClass>CompEquippable</compClass>
            </li>
        </comps>
        <tickerType>Never</tickerType>
        <category>Item</category>
        <drawGUIOverlay>true</drawGUIOverlay>
        <equipmentType>Primary</equipmentType>
        <resourceReadoutPriority>Middle</resourceReadoutPriority>
        <selectable>true</selectable>
        <altitudeLayer>Item</altitudeLayer>
        <useHitPoints>true</useHitPoints>
        <alwaysHaulable>true</alwaysHaulable>
        <pathCost>15</pathCost>
    </ThingDef>

</Defs>