<?xml version="1.0" encoding="utf-8" ?>
<Defs>  
	<PeteTimesSix.ResearchReinvented.Defs.SpecialResearchOpportunityDef Name="SpecialResearchOpportunityBase" Abstract="True">
		<forDirect>true</forDirect>
		<forAncestor>false</forAncestor>
		<forDescendant>false</forDescendant>
		<relationOverride IsNull="true"></relationOverride>
		<importanceMultiplier>1.0</importanceMultiplier>
		<rare>false</rare>
		<freebie>true</freebie>
	</PeteTimesSix.ResearchReinvented.Defs.SpecialResearchOpportunityDef>
</Defs>